District name,Primary role,Name,First name,Last name,Gender,Party name,Email,Photo URL,Source URL,Website,Facebook,Instagram,Twitter,LinkedIn,YouTube,Office type,Address,Phone,Fax
Airdrie-Cochrane,MLA,Pete Guthrie,Pete,Guthrie,,United Conservative Party,Airdrie.Cochrane@assembly.ab.ca,http://www.assembly.ab.ca/lao/mla/photos/m/ph-mla0920.jpg,http://www.assembly.ab.ca/net/index.aspx?p=mla_contact&rnumber=47&leg=30,,,,,,,legislature,,1 587 493-2050,1 587 493-9562
Airdrie-East,MLA,Angela Pitt,Angela,Pitt,,United Conservative Party,Airdrie.East@assembly.ab.ca,http://www.assembly.ab.ca/lao/mla/photos/m/ph-mla0894.jpg,http://www.assembly.ab.ca/net/index.aspx?p=mla_contact&rnumber=48&leg=30,,,,,,,legislature,,1 403 948-8741,1 403 948-8744
Athabasca-Barrhead-Westlock,MLA,Glenn van Dijken,Glenn van,Dijken,,United Conservative Party,Athabasca.Barrhead.Westlock@assembly.ab.ca,http://www.assembly.ab.ca/lao/mla/photos/m/ph-mla0898.jpg,http://www.assembly.ab.ca/net/index.aspx?p=mla_contact&rnumber=49&leg=30,,,,,,,legislature,,1 780 674-3225,1 780 674-6183
Banff-Kananaskis,MLA,Miranda Rosin,Miranda,Rosin,,United Conservative Party,Banff.Kananaskis@assembly.ab.ca,http://www.assembly.ab.ca/lao/mla/photos/m/ph-mla0936.jpg,http://www.assembly.ab.ca/net/index.aspx?p=mla_contact&rnumber=50&leg=30,,,,,,,legislature,,1 403 609-4509,1 403 609-4513
Bonnyville-Cold Lake-St. Paul,MLA,David B. Hanson,David B.,Hanson,,United Conservative Party,Bonnyville.ColdLake.StPaul@assembly.ab.ca,http://www.assembly.ab.ca/lao/mla/photos/m/ph-mla0888.jpg,http://www.assembly.ab.ca/net/index.aspx?p=mla_contact&rnumber=51&leg=30,,,,,,,legislature,,1 780 826-5658,1 780 826-2165
Brooks-Medicine Hat,MLA,Michaela Glasgo,Michaela,Glasgo,,United Conservative Party,Brooks.MedicineHat@assembly.ab.ca,http://www.assembly.ab.ca/lao/mla/photos/m/ph-mla0918.jpg,http://www.assembly.ab.ca/net/index.aspx?p=mla_contact&rnumber=52&leg=30,,,,,,,legislature,,1 587 270-5110,1 587 270-5113
Calgary-Acadia,MLA,Tyler Shandro,Tyler,Shandro,,United Conservative Party,Calgary.Acadia@assembly.ab.ca,http://www.assembly.ab.ca/lao/mla/photos/m/ph-mla0944.jpg,http://www.assembly.ab.ca/net/index.aspx?p=mla_contact&rnumber=01&leg=30,,,,,,,legislature,,1 403 640-1363,1 403 592-8171
Calgary-Beddington,MLA,Josephine Pon,Josephine,Pon,,United Conservative Party,Calgary.Beddington@assembly.ab.ca,http://www.assembly.ab.ca/lao/mla/photos/m/ph-mla0933.jpg,http://www.assembly.ab.ca/net/index.aspx?p=mla_contact&rnumber=02&leg=30,,,,,,,legislature,,1 403 215-7710,1 403 216-5410
Calgary-Bow,MLA,Demetrios Nicolaides,Demetrios,Nicolaides,,United Conservative Party,Calgary.Bow@assembly.ab.ca,http://www.assembly.ab.ca/lao/mla/photos/m/ph-mla0931.jpg,http://www.assembly.ab.ca/net/index.aspx?p=mla_contact&rnumber=03&leg=30,,,,,,,legislature,,1 403 216-5400,1 403 216-5402
Calgary-Buffalo,MLA,Joe Ceci,Joe,Ceci,,Alberta New Democratic Party,Calgary.Buffalo@assembly.ab.ca,http://www.assembly.ab.ca/lao/mla/photos/m/ph-mla0838.jpg,http://www.assembly.ab.ca/net/index.aspx?p=mla_contact&rnumber=04&leg=30,,,,,,,legislature,,1 403 244-7737,1 403 541-9106
Calgary-Cross,MLA,Mickey Amery,Mickey,Amery,,United Conservative Party,Calgary.Cross@assembly.ab.ca,http://www.assembly.ab.ca/lao/mla/photos/m/ph-mla0913.jpg,http://www.assembly.ab.ca/net/index.aspx?p=mla_contact&rnumber=05&leg=30,,,,,,,legislature,,1 403 248-4487,1 403 273-2898
Calgary-Currie,MLA,Nicholas Milliken,Nicholas,Milliken,,United Conservative Party,Calgary.Currie@assembly.ab.ca,http://www.assembly.ab.ca/lao/mla/photos/m/ph-mla0928.jpg,http://www.assembly.ab.ca/net/index.aspx?p=mla_contact&rnumber=06&leg=30,,,,,,,legislature,,1 403 246-4794,1 403 686-1543
Calgary-East,MLA,Peter Singh,Peter,Singh,,United Conservative Party,Calgary.East@assembly.ab.ca,http://www.assembly.ab.ca/lao/mla/photos/m/ph-mla0946.jpg,http://www.assembly.ab.ca/net/index.aspx?p=mla_contact&rnumber=07&leg=30,,,,,,,legislature,,1 587 496-2052,1 403 235-4772
Calgary-Edgemont,MLA,Prasad Panda,Prasad,Panda,,United Conservative Party,Calgary.Edgemont@assembly.ab.ca,http://www.assembly.ab.ca/lao/mla/photos/m/ph-mla0904.jpg,http://www.assembly.ab.ca/net/index.aspx?p=mla_contact&rnumber=08&leg=30,,,,,,,legislature,,1 403 288-4453,1 587 393-8055
Calgary-Elbow,MLA,Doug Schweitzer,Doug,Schweitzer,,United Conservative Party,Calgary.Elbow@assembly.ab.ca,http://www.assembly.ab.ca/lao/mla/photos/m/ph-mla0943.jpg,http://www.assembly.ab.ca/net/index.aspx?p=mla_contact&rnumber=09&leg=30,,,,,,,legislature,,1 403 252-0346,1 403 252-0520
Calgary-Falconridge,MLA,Devinder Toor,Devinder,Toor,,United Conservative Party,Calgary.Falconridge@assembly.ab.ca,http://www.assembly.ab.ca/lao/mla/photos/m/ph-mla0949.jpg,http://www.assembly.ab.ca/net/index.aspx?p=mla_contact&rnumber=10&leg=30,,,,,,,legislature,,1 403 280-4022,1 403 280-3877
Calgary-Fish Creek,MLA,Richard Gotfried,Richard,Gotfried,,United Conservative Party,Calgary.FishCreek@assembly.ab.ca,http://www.assembly.ab.ca/lao/mla/photos/m/ph-mla0900.jpg,http://www.assembly.ab.ca/net/index.aspx?p=mla_contact&rnumber=11&leg=30,,,,,,,legislature,,1 403 278-4444,1 403 278-7875
Calgary-Foothills,MLA,Jason Luan,Jason,Luan,,United Conservative Party,Calgary.Foothills@assembly.ab.ca,http://www.assembly.ab.ca/lao/mla/photos/m/ph-mla0806.jpg,http://www.assembly.ab.ca/net/index.aspx?p=mla_contact&rnumber=12&leg=30,,,,,,,legislature,,1 403 216-5444,1 403 216-5442
Calgary-Glenmore,MLA,Whitney Issik,Whitney,Issik,,United Conservative Party,Calgary.Glenmore@assembly.ab.ca,http://www.assembly.ab.ca/lao/mla/photos/m/ph-mla0922.jpg,http://www.assembly.ab.ca/net/index.aspx?p=mla_contact&rnumber=13&leg=30,,,,,,,legislature,,1 403 216-5421,1 403 216-5423
Calgary-Hays,MLA,Ric McIver,Ric,McIver,,United Conservative Party,Calgary.Hays@assembly.ab.ca,http://www.assembly.ab.ca/lao/mla/photos/m/ph-mla0808.jpg,http://www.assembly.ab.ca/net/index.aspx?p=mla_contact&rnumber=14&leg=30,,,,,,,legislature,,1 403 215-4380,1 403 215-4383
Calgary-Klein,MLA,Jeremy Nixon,Jeremy,Nixon,,United Conservative Party,Calgary.Klein@assembly.ab.ca,http://www.assembly.ab.ca/lao/mla/photos/m/ph-mla0932.jpg,http://www.assembly.ab.ca/net/index.aspx?p=mla_contact&rnumber=15&leg=30,,,,,,,legislature,,1 403 216-5430,1 403 216-5432
Calgary-Lougheed,MLA,Jason Kenney,Jason,Kenney,,United Conservative Party,Calgary.Lougheed@assembly.ab.ca,http://www.assembly.ab.ca/lao/mla/photos/m/ph-mla0906.jpg,http://www.assembly.ab.ca/net/index.aspx?p=mla_contact&rnumber=16&leg=30,,,,,,,legislature,,1 403 238-1212,1 403 251-5453
Calgary-McCall,MLA,Irfan Sabir,Irfan,Sabir,,Alberta New Democratic Party,Calgary.McCall@assembly.ab.ca,http://www.assembly.ab.ca/lao/mla/photos/m/ph-mla0871.jpg,http://www.assembly.ab.ca/net/index.aspx?p=mla_contact&rnumber=17&leg=30,,,,,,,legislature,,1 403 216-5424,1 403 216-5426
Calgary-Mountain View,MLA,Kathleen Ganley,Kathleen,Ganley,,Alberta New Democratic Party,Calgary.MountainView@assembly.ab.ca,http://www.assembly.ab.ca/lao/mla/photos/m/ph-mla0846.jpg,http://www.assembly.ab.ca/net/index.aspx?p=mla_contact&rnumber=18&leg=30,,,,,,,legislature,,1 403 216-5445,1 403 216-5447
Calgary-North,MLA,Muhammad Yaseen,Muhammad,Yaseen,,United Conservative Party,Calgary.North@assembly.ab.ca,http://www.assembly.ab.ca/lao/mla/photos/m/ph-mla0954.jpg,http://www.assembly.ab.ca/net/index.aspx?p=mla_contact&rnumber=19&leg=30,,,,,,,legislature,,1 403 274-1931,1 403 275-8421
Calgary-North East,MLA,Rajan Sawhney,Rajan,Sawhney,,United Conservative Party,Calgary.NorthEast@assembly.ab.ca,http://www.assembly.ab.ca/lao/mla/photos/m/ph-mla0940.jpg,http://www.assembly.ab.ca/net/index.aspx?p=mla_contact&rnumber=20&leg=30,,,,,,,legislature,,1 587 318-2946,1 587 620-3998
Calgary-North West,MLA,Sonya Savage,Sonya,Savage,,United Conservative Party,Calgary.Northwest@assembly.ab.ca,http://www.assembly.ab.ca/lao/mla/photos/m/ph-mla0939.jpg,http://www.assembly.ab.ca/net/index.aspx?p=mla_contact&rnumber=21&leg=30,,,,,,,legislature,,1 403 297-7104,1 403 297-7121
Calgary-Peigan,MLA,Tanya Fir,Tanya,Fir,,United Conservative Party,Calgary.Peigan@assembly.ab.ca,http://www.assembly.ab.ca/lao/mla/photos/m/ph-mla0916.jpg,http://www.assembly.ab.ca/net/index.aspx?p=mla_contact&rnumber=22&leg=30,,,,,,,legislature,,1 587 392-8850,1 587 392-8848
Calgary-Shaw,MLA,Rebecca Schulz,Rebecca,Schulz,,United Conservative Party,Calgary.Shaw@assembly.ab.ca,http://www.assembly.ab.ca/lao/mla/photos/m/ph-mla0942.jpg,http://www.assembly.ab.ca/net/index.aspx?p=mla_contact&rnumber=23&leg=30,,,,,,,legislature,,1 403 256-8969,1 403 256-8970
Calgary-South East,MLA,Matt Jones,Matt,Jones,,United Conservative Party,Calgary.SouthEast@assembly.ab.ca,http://www.assembly.ab.ca/lao/mla/photos/m/ph-mla0923.jpg,http://www.assembly.ab.ca/net/index.aspx?p=mla_contact&rnumber=24&leg=30,,,,,,,legislature,,1 403 215-8930,1 403 215-8932
Calgary-Varsity,MLA,Jason Copping,Jason,Copping,,United Conservative Party,Calgary.Varsity@assembly.ab.ca,http://www.assembly.ab.ca/lao/mla/photos/m/ph-mla0915.jpg,http://www.assembly.ab.ca/net/index.aspx?p=mla_contact&rnumber=25&leg=30,,,,,,,legislature,,1 403 216-5436,1 403 216-5432
Calgary-West,MLA,Mike Ellis,Mike,Ellis,,United Conservative Party,Calgary.West@assembly.ab.ca,http://www.assembly.ab.ca/lao/mla/photos/m/ph-mla0832.jpg,http://www.assembly.ab.ca/net/index.aspx?p=mla_contact&rnumber=26&leg=30,,,,,,,legislature,,1 403 216-5439,1 403 216-5441
Camrose,MLA,Jackie Lovely,Jackie,Lovely,,United Conservative Party,Camrose@assembly.ab.ca,http://www.assembly.ab.ca/lao/mla/photos/m/ph-mla0926.jpg,http://www.assembly.ab.ca/net/index.aspx?p=mla_contact&rnumber=53&leg=30,,,,,,,legislature,,1 780 672-0000,1 780 672-6945
Cardston-Siksika,MLA,Joseph Schow,Joseph,Schow,,United Conservative Party,,http://www.assembly.ab.ca/lao/mla/photos/m/ph-mla0941.jpg,http://www.assembly.ab.ca/net/index.aspx?p=mla_contact&rnumber=54&leg=30,,,,,,
Central Peace-Notley,MLA,Todd Loewen,Todd,Loewen,,United Conservative Party,CentralPeace.Notley@assembly.ab.ca,http://www.assembly.ab.ca/lao/mla/photos/m/ph-mla0890.jpg,http://www.assembly.ab.ca/net/index.aspx?p=mla_contact&rnumber=55&leg=30,,,,,,,legislature,,1 780 835-7211,1 780 835-7212
Chestermere-Strathmore,MLA,Leela Sharon Aheer,Leela Sharon,Aheer,,United Conservative Party,Chestermere.Strathmore@assembly.ab.ca,http://www.assembly.ab.ca/lao/mla/photos/m/ph-mla0883.jpg,http://www.assembly.ab.ca/net/index.aspx?p=mla_contact&rnumber=56&leg=30,,,,,,,legislature,,1 403 962-0126,
Cypress-Medicine Hat,MLA,Drew Barnes,Drew,Barnes,,United Conservative Party,Cypress.MedicineHat@assembly.ab.ca,http://www.assembly.ab.ca/lao/mla/photos/m/ph-mla0816.jpg,http://www.assembly.ab.ca/net/index.aspx?p=mla_contact&rnumber=57&leg=30,,,,,,,legislature,,1 403 528-2191,1 403 528-2278
Drayton Valley-Devon,MLA,Mark Smith,Mark,Smith,,United Conservative Party,DraytonValley.Devon@assembly.ab.ca,http://www.assembly.ab.ca/lao/mla/photos/m/ph-mla0896.jpg,http://www.assembly.ab.ca/net/index.aspx?p=mla_contact&rnumber=58&leg=30,,,,,,,legislature,,1 780 542-3355,1 780 542-3331
Drumheller-Stettler,MLA,Nate Horner,Nate,Horner,,United Conservative Party,Drumheller.Stettler@assembly.ab.ca,http://www.assembly.ab.ca/lao/mla/photos/m/ph-mla0921.jpg,http://www.assembly.ab.ca/net/index.aspx?p=mla_contact&rnumber=59&leg=30,,,,,,,legislature,,1 403 321-7720,
Edmonton-Beverly-Clareview,MLA,Deron Bilous,Deron,Bilous,,Alberta New Democratic Party,Edmonton.BeverlyClareview@assembly.ab.ca,http://www.assembly.ab.ca/lao/mla/photos/m/ph-mla0829.jpg,http://www.assembly.ab.ca/net/index.aspx?p=mla_contact&rnumber=27&leg=30,,,,,,,legislature,,1 780 476-6467,1 780 476-6473
Edmonton-Castle Downs,MLA,Nicole Goehring,Nicole,Goehring,,Alberta New Democratic Party,Edmonton.Castledowns@assembly.ab.ca,http://www.assembly.ab.ca/lao/mla/photos/m/ph-mla0847.jpg,http://www.assembly.ab.ca/net/index.aspx?p=mla_contact&rnumber=28&leg=30,,,,,,,legislature,,1 780 414-0705,1 780 414-0707
Edmonton-City Centre,MLA,David Shepherd,David,Shepherd,,Alberta New Democratic Party,Edmonton.CityCentre@assembly.ab.ca,http://www.assembly.ab.ca/lao/mla/photos/m/ph-mla0874.jpg,http://www.assembly.ab.ca/net/index.aspx?p=mla_contact&rnumber=29&leg=30,,,,,,,legislature,,1 780 414-0743,
Edmonton-Decore,MLA,Chris Nielsen,Chris,Nielsen,,Alberta New Democratic Party,Edmonton.Decore@assembly.ab.ca,http://www.assembly.ab.ca/lao/mla/photos/m/ph-mla0865.jpg,http://www.assembly.ab.ca/net/index.aspx?p=mla_contact&rnumber=30&leg=30,,,,,,,legislature,,1 780 414-1328,1 780 414-1330
Edmonton-Ellerslie,MLA,Rod Loyola,Rod,Loyola,,Alberta New Democratic Party,Edmonton.Ellerslie@assembly.ab.ca,http://www.assembly.ab.ca/lao/mla/photos/m/ph-mla0856.jpg,http://www.assembly.ab.ca/net/index.aspx?p=mla_contact&rnumber=31&leg=30,,,,,,,legislature,,1 780 414-2000,1 780 414-6383
Edmonton-Glenora,MLA,Sarah Hoffman,Sarah,Hoffman,,Alberta New Democratic Party,Edmonton.Glenora@assembly.ab.ca,http://www.assembly.ab.ca/lao/mla/photos/m/ph-mla0850.jpg,http://www.assembly.ab.ca/net/index.aspx?p=mla_contact&rnumber=32&leg=30,,,,,,,legislature,,1 780 455-7979,1 780 455-2197
Edmonton-Gold Bar,MLA,Marlin Schmidt,Marlin,Schmidt,,Alberta New Democratic Party,Edmonton.Goldbar@assembly.ab.ca,http://www.assembly.ab.ca/lao/mla/photos/m/ph-mla0872.jpg,http://www.assembly.ab.ca/net/index.aspx?p=mla_contact&rnumber=33&leg=30,,,,,,,legislature,,1 780 414-1015,1 780 414-1017
Edmonton-Highlands-Norwood,MLA,Janis Irwin,Janis,Irwin,,Alberta New Democratic Party,Edmonton.HighlandsNorwood@assembly.ab.ca,http://www.assembly.ab.ca/lao/mla/photos/m/ph-mla0910.jpg,http://www.assembly.ab.ca/net/index.aspx?p=mla_contact&rnumber=34&leg=30,,,,,,,legislature,,1 780 414-0682,1 780 414-0684
Edmonton-Manning,MLA,Heather Sweet,Heather,Sweet,,Alberta New Democratic Party,Edmonton.Manning@assembly.ab.ca,http://www.assembly.ab.ca/lao/mla/photos/m/ph-mla0877.jpg,http://www.assembly.ab.ca/net/index.aspx?p=mla_contact&rnumber=35&leg=30,,,,,,,legislature,,1 780 414-0714,1 780 414-0716
Edmonton-McClung,MLA,Lorne Dach,Lorne,Dach,,Alberta New Democratic Party,Edmonton.McClung@assembly.ab.ca,http://www.assembly.ab.ca/lao/mla/photos/m/ph-mla0842.jpg,http://www.assembly.ab.ca/net/index.aspx?p=mla_contact&rnumber=36&leg=30,,,,,,,legislature,,1 780 408-1860,1 780 408-1864
Edmonton-Meadows,MLA,Jasvir Deol,Jasvir,Deol,,Alberta New Democratic Party,Edmonton.Meadows@assembly.ab.ca,http://www.assembly.ab.ca/lao/mla/photos/m/ph-mla0909.jpg,http://www.assembly.ab.ca/net/index.aspx?p=mla_contact&rnumber=37&leg=30,,,,,,,legislature,,1 780 466-3737,1 780 468-3359
Edmonton-Mill Woods,MLA,Christina Gray,Christina,Gray,,Alberta New Democratic Party,Edmonton.Millwoods@assembly.ab.ca,http://www.assembly.ab.ca/lao/mla/photos/m/ph-mla0848.jpg,http://www.assembly.ab.ca/net/index.aspx?p=mla_contact&rnumber=38&leg=30,,,,,,,legislature,,1 780 414-1000,1 780 414-1278
Edmonton-North West,MLA,David Eggen,David,Eggen,,Alberta New Democratic Party,Edmonton.Northwest@assembly.ab.ca,http://www.assembly.ab.ca/lao/mla/photos/m/ph-mla0757.jpg,http://www.assembly.ab.ca/net/index.aspx?p=mla_contact&rnumber=39&leg=30,,,,,,,legislature,,1 780 451-2345,1 780 451-2344
Edmonton-Riverview,MLA,Lori Sigurdson,Lori,Sigurdson,,Alberta New Democratic Party,Edmonton.Riverview@assembly.ab.ca,http://www.assembly.ab.ca/lao/mla/photos/m/ph-mla0875.jpg,http://www.assembly.ab.ca/net/index.aspx?p=mla_contact&rnumber=40&leg=30,,,,,,,legislature,,1 780 414-0719,1 780 414-0721
Edmonton-Rutherford,MLA,Richard Feehan,Richard,Feehan,,Alberta New Democratic Party,Edmonton.Rutherford@assembly.ab.ca,http://www.assembly.ab.ca/lao/mla/photos/m/ph-mla0844.jpg,http://www.assembly.ab.ca/net/index.aspx?p=mla_contact&rnumber=41&leg=30,,,,,,,legislature,,1 780 414-1311,1 780 414-1314
Edmonton-South,MLA,Thomas Dang,Thomas,Dang,,Alberta New Democratic Party,Edmonton.South@assembly.ab.ca,http://www.assembly.ab.ca/lao/mla/photos/m/ph-mla0843.jpg,http://www.assembly.ab.ca/net/index.aspx?p=mla_contact&rnumber=42&leg=30,,,,,,,legislature,,1 780 643-9153,
Edmonton-South West,MLA,Kaycee Madu,Kaycee,Madu,,United Conservative Party,Edmonton.SouthWest@assembly.ab.ca,http://www.assembly.ab.ca/lao/mla/photos/m/ph-mla0927.jpg,http://www.assembly.ab.ca/net/index.aspx?p=mla_contact&rnumber=43&leg=30,,,,,,,legislature,,1 780 415-8692,1 780 415-8693
Edmonton-Strathcona,MLA,Rachel Notley,Rachel,Notley,,Alberta New Democratic Party,Edmonton.Strathcona@assembly.ab.ca,http://www.assembly.ab.ca/lao/mla/photos/m/ph-mla0791.jpg,http://www.assembly.ab.ca/net/index.aspx?p=mla_contact&rnumber=44&leg=30,,,,,,,legislature,,1 780 414-0702,1 780 414-0703
Edmonton-West Henday,MLA,Jon Carson,Jon,Carson,,Alberta New Democratic Party,Edmonton.WestHenday@assembly.ab.ca,http://www.assembly.ab.ca/lao/mla/photos/m/ph-mla0837.jpg,http://www.assembly.ab.ca/net/index.aspx?p=mla_contact&rnumber=45&leg=30,,,,,,,legislature,,1 780 414-0711,1 780 414-0713
Edmonton-Whitemud,MLA,Rakhi Pancholi,Rakhi,Pancholi,,Alberta New Democratic Party,Edmonton.Whitemud@assembly.ab.ca,http://www.assembly.ab.ca/lao/mla/photos/m/ph-mla0911.jpg,http://www.assembly.ab.ca/net/index.aspx?p=mla_contact&rnumber=46&leg=30,,,,,,,legislature,,1 780 413-5970,1 780 413-5971
Fort McMurray-Lac La Biche,MLA,Laila Goodridge,Laila,Goodridge,,United Conservative Party,FortMcMurray.LacLaBiche@assembly.ab.ca,http://www.assembly.ab.ca/lao/mla/photos/m/ph-mla0907.jpg,http://www.assembly.ab.ca/net/index.aspx?p=mla_contact&rnumber=60&leg=30,,,,,,,legislature,,1 780 588-7979,
Fort McMurray-Wood Buffalo,MLA,Tany Yao,Tany,Yao,,United Conservative Party,FortMcMurray.WoodBuffalo@assembly.ab.ca,http://www.assembly.ab.ca/lao/mla/photos/m/ph-mla0899.jpg,http://www.assembly.ab.ca/net/index.aspx?p=mla_contact&rnumber=61&leg=30,,,,,,,legislature,,1 780 790-6014,
Fort Saskatchewan-Vegreville,MLA,Jackie Armstrong-Homeniuk,Jackie,Armstrong-Homeniuk,,United Conservative Party,FortSaskatchewan.Vegreville@assembly.ab.ca,http://www.assembly.ab.ca/lao/mla/photos/m/ph-mla0914.jpg,http://www.assembly.ab.ca/net/index.aspx?p=mla_contact&rnumber=62&leg=30,,,,,,,legislature,,1 780 632-6840,1 780 632-2708
Grande Prairie,MLA,Tracy Allard,Tracy,Allard,,United Conservative Party,GrandePrairie@assembly.ab.ca,http://www.assembly.ab.ca/lao/mla/photos/m/ph-mla0912.jpg,http://www.assembly.ab.ca/net/index.aspx?p=mla_contact&rnumber=63&leg=30,,,,,,,legislature,,1 780 538-1800,1 780 538-1802
Grande Prairie-Wapiti,MLA,Travis Toews,Travis,Toews,,United Conservative Party,GrandePrairie.Wapiti@assembly.ab.ca,http://www.assembly.ab.ca/lao/mla/photos/m/ph-mla0948.jpg,http://www.assembly.ab.ca/net/index.aspx?p=mla_contact&rnumber=64&leg=30,,,,,,,legislature,,1 825 412-2050,1 780 539-0628
Highwood,MLA,R.J. Sigurdson,R.J.,Sigurdson,,United Conservative Party,Highwood@assembly.ab.ca,http://www.assembly.ab.ca/lao/mla/photos/m/ph-mla0945.jpg,http://www.assembly.ab.ca/net/index.aspx?p=mla_contact&rnumber=65&leg=30,,,,,,,legislature,,1 403 995-5488,1 403 652-7757
Innisfail-Sylvan Lake,MLA,Devin Dreeshen,Devin,Dreeshen,,United Conservative Party,Innisfail.SylvanLake@assembly.ab.ca,http://www.assembly.ab.ca/lao/mla/photos/m/ph-mla0908.jpg,http://www.assembly.ab.ca/net/index.aspx?p=mla_contact&rnumber=66&leg=30,,,,,,,legislature,,1 403 865-7580,1 403 865-7585
Lac Ste. Anne-Parkland,MLA,Shane Getson,Shane,Getson,,United Conservative Party,LacSteAnne.Parkland@assembly.ab.ca,http://www.assembly.ab.ca/lao/mla/photos/m/ph-mla0917.jpg,http://www.assembly.ab.ca/net/index.aspx?p=mla_contact&rnumber=67&leg=30,,,,,,,legislature,,1 780 967-0760,1 780 967-4338
Lacombe-Ponoka,MLA,Ronald Orr,Ronald,Orr,,United Conservative Party,Lacombe.Ponoka@assembly.ab.ca,http://www.assembly.ab.ca/lao/mla/photos/m/ph-mla0893.jpg,http://www.assembly.ab.ca/net/index.aspx?p=mla_contact&rnumber=68&leg=30,,,,,,,legislature,,1 403 782-7725,1 403 782-3307
Leduc-Beaumont,MLA,Brad Rutherford,Brad,Rutherford,,United Conservative Party,Leduc.Beaumont@assembly.ab.ca,http://www.assembly.ab.ca/lao/mla/photos/m/ph-mla0938.jpg,http://www.assembly.ab.ca/net/index.aspx?p=mla_contact&rnumber=69&leg=30,,,,,,,legislature,,1 780 929-3290,1 780 929-7881
Lesser Slave Lake,MLA,Pat Rehn,Pat,Rehn,,United Conservative Party,Lesser.SlaveLake@assembly.ab.ca,http://www.assembly.ab.ca/lao/mla/photos/m/ph-mla0934.jpg,http://www.assembly.ab.ca/net/index.aspx?p=mla_contact&rnumber=70&leg=30,,,,,,,legislature,,1 825 219-1000,1 780 849-4132
Lethbridge-East,MLA,Nathan Neudorf,Nathan,Neudorf,,United Conservative Party,Lethbridge.East@assembly.ab.ca,http://www.assembly.ab.ca/lao/mla/photos/m/ph-mla0930.jpg,http://www.assembly.ab.ca/net/index.aspx?p=mla_contact&rnumber=71&leg=30,,,,,,,legislature,,1 403 320-1011,1 403 328-6613
Lethbridge-West,MLA,Shannon Phillips,Shannon,Phillips,,Alberta New Democratic Party,Lethbridge.West@assembly.ab.ca,http://www.assembly.ab.ca/lao/mla/photos/m/ph-mla0867.jpg,http://www.assembly.ab.ca/net/index.aspx?p=mla_contact&rnumber=72&leg=30,,,,,,,legislature,,1 403 329-4644,1 587 425-5869
Livingstone-Macleod,MLA,Roger Reid,Roger,Reid,,United Conservative Party,Livingstone.Macleod@assembly.ab.ca,http://www.assembly.ab.ca/lao/mla/photos/m/ph-mla0935.jpg,http://www.assembly.ab.ca/net/index.aspx?p=mla_contact&rnumber=73&leg=30,,,,,,,legislature,,1 825 212-2000,1 403 652-3486
Maskwacis-Wetaskiwin,MLA,Rick Wilson,Rick,Wilson,,United Conservative Party,Maskwacis.Wetaskiwin@assembly.ab.ca,http://www.assembly.ab.ca/lao/mla/photos/m/ph-mla0953.jpg,http://www.assembly.ab.ca/net/index.aspx?p=mla_contact&rnumber=74&leg=30,,,,,,,legislature,,1 780 360-8003,1 780 312-1882
Morinville-St. Albert,MLA,Dale Nally,Dale,Nally,,United Conservative Party,Morinville.StAlbert@assembly.ab.ca,http://www.assembly.ab.ca/lao/mla/photos/m/ph-mla0929.jpg,http://www.assembly.ab.ca/net/index.aspx?p=mla_contact&rnumber=75&leg=30,,,,,,,legislature,,1 780 572-6161,1 780 572-6162
Olds-Didsbury-Three Hills,MLA,Nathan Cooper,Nathan,Cooper,,United Conservative Party,OldsDidsbury.ThreeHills@assembly.ab.ca,http://www.assembly.ab.ca/lao/mla/photos/m/ph-mla0885.jpg,http://www.assembly.ab.ca/net/index.aspx?p=mla_contact&rnumber=76&leg=30,,,,,,,legislature,,1 403 556-3132,1 403 556-3120
Peace River,MLA,Dan Williams,Dan,Williams,,United Conservative Party,Peace.River@assembly.ab.ca,http://www.assembly.ab.ca/lao/mla/photos/m/ph-mla0952.jpg,http://www.assembly.ab.ca/net/index.aspx?p=mla_contact&rnumber=77&leg=30,,,,,,,legislature,,1 780 928-5100,1 780 928-9690
Red Deer-North,MLA,Adriana LaGrange,Adriana,LaGrange,,United Conservative Party,RedDeer.North@assembly.ab.ca,http://www.assembly.ab.ca/lao/mla/photos/m/ph-mla0924.jpg,http://www.assembly.ab.ca/net/index.aspx?p=mla_contact&rnumber=78&leg=30,,,,,,,legislature,,1 403 342-2263,1 403 967-1398
Red Deer-South,MLA,Jason Stephan,Jason,Stephan,,United Conservative Party,RedDeer.South@assembly.ab.ca,http://www.assembly.ab.ca/lao/mla/photos/m/ph-mla0947.jpg,http://www.assembly.ab.ca/net/index.aspx?p=mla_contact&rnumber=79&leg=30,,,,,,,legislature,,1 403 340-3565,1 403 340-5977
Rimbey-Rocky Mountain House-Sundre,MLA,Jason Nixon,Jason,Nixon,,United Conservative Party,Rimbey.RockyMountainhouse.Sundre@assembly.ab.ca,http://www.assembly.ab.ca/lao/mla/photos/m/ph-mla0892.jpg,http://www.assembly.ab.ca/net/index.aspx?p=mla_contact&rnumber=80&leg=30,,,,,,,legislature,,1 403 638-5029,1 403 638-0035
Sherwood Park,MLA,Jordan Walker,Jordan,Walker,,United Conservative Party,Sherwood.Park@assembly.ab.ca,http://www.assembly.ab.ca/lao/mla/photos/m/ph-mla0951.jpg,http://www.assembly.ab.ca/net/index.aspx?p=mla_contact&rnumber=81&leg=30,,,,,,,legislature,,1 780 417-4747,1 780 417-4748
Spruce Grove-Stony Plain,MLA,Searle Turton,Searle,Turton,,United Conservative Party,SpruceGrove.StonyPlain@assembly.ab.ca,http://www.assembly.ab.ca/lao/mla/photos/m/ph-mla0950.jpg,http://www.assembly.ab.ca/net/index.aspx?p=mla_contact&rnumber=82&leg=30,,,,,,,legislature,,1 780 962-6606,1 780 962-1568
St. Albert,MLA,Marie Renaud,Marie,Renaud,,Alberta New Democratic Party,St.Albert@assembly.ab.ca,http://www.assembly.ab.ca/lao/mla/photos/m/ph-mla0869.jpg,http://www.assembly.ab.ca/net/index.aspx?p=mla_contact&rnumber=83&leg=30,,,,,,,legislature,,1 780 459-9113,1 780 460-9815
Strathcona-Sherwood Park,MLA,Nate Glubish,Nate,Glubish,,United Conservative Party,Strathcona.Sherwoodpark@assembly.ab.ca,http://www.assembly.ab.ca/lao/mla/photos/m/ph-mla0919.jpg,http://www.assembly.ab.ca/net/index.aspx?p=mla_contact&rnumber=84&leg=30,,,,,,,legislature,,1 780 416-2492,1 780 417-4748
Taber-Warner,MLA,Grant Hunter,Grant,Hunter,,United Conservative Party,Taber.Warner@assembly.ab.ca,http://www.assembly.ab.ca/lao/mla/photos/m/ph-mla0889.jpg,http://www.assembly.ab.ca/net/index.aspx?p=mla_contact&rnumber=85&leg=30,,,,,,,legislature,,1 403 223-0001,1 403 223-0002
Vermilion-Lloydminster-Wainwright,MLA,Garth Rowswell,Garth,Rowswell,,United Conservative Party,Vermilion.Lloydminster.Wainwright@assembly.ab.ca,http://www.assembly.ab.ca/lao/mla/photos/m/ph-mla0937.jpg,http://www.assembly.ab.ca/net/index.aspx?p=mla_contact&rnumber=86&leg=30,,,,,,,legislature,,1 780 842-6177,1 780 842-3171
West Yellowhead,MLA,Martin Long,Martin,Long,,United Conservative Party,West.Yellowhead@assembly.ab.ca,http://www.assembly.ab.ca/lao/mla/photos/m/ph-mla0925.jpg,http://www.assembly.ab.ca/net/index.aspx?p=mla_contact&rnumber=87&leg=30,,,,,,,legislature,,1 780 712-7790,1 587 466-0432
