District name,Primary role,Name,First name,Last name,Gender,Party name,Email,Photo URL,Source URL,Website,Facebook,Instagram,Twitter,LinkedIn,YouTube,Office type,Address,Phone,Fax,Office type,Address,Phone,Fax
Abitibi-Est,MNA,Pierre Dufour,Pierre,Dufour,,Coalition avenir Québec,Pierre.Dufour.ABES@assnat.qc.ca,http://www.assnat.qc.ca/Media/Process.aspx?asset=ANQ.Vigie.Bll.Image_31055&process=Original&token=ZyMoxNwUn8ikQ+TRKYwPCjWrKwg+vIv9rjij7p3xLGTZDmLVSmJLoqe/vG7/YWzz,http://www.assnat.qc.ca/fr/deputes/dufour-pierre-17823/index.html,,https://www.facebook.com/PierreDufourCAQ/,,https://twitter.com/coalitionavenir,,,legislature,,1 418 643-7295,,constituency,,1 819 824-3333,
Abitibi-Ouest,MNA,Suzanne Blais,Suzanne,Blais,,Coalition avenir Québec,Suzanne.Blais.ABOU@assnat.qc.ca,http://www.assnat.qc.ca/Media/Process.aspx?asset=ANQ.Vigie.Bll.Image_31075&process=Original&token=ZyMoxNwUn8ikQ+TRKYwPCjWrKwg+vIv9rjij7p3xLGTZDmLVSmJLoqe/vG7/YWzz,http://www.assnat.qc.ca/fr/deputes/blais-suzanne-17825/index.html,,https://www.facebook.com/SuzanneBlaisCAQ/,,https://twitter.com/SBlaisCAQ,,,legislature,,1 581 628-1857,,constituency,,1 819 444-5007,
Acadie,MNA,Christine St-Pierre,Christine,St-Pierre,,Parti libéral du Québec,Christine.St-Pierre.ACAD@assnat.qc.ca,http://www.assnat.qc.ca/Media/Process.aspx?asset=ANQ.Vigie.Bll.Image_943&process=Original&token=ZyMoxNwUn8ikQ+TRKYwPCjWrKwg+vIv9rjij7p3xLGTZDmLVSmJLoqe/vG7/YWzz,http://www.assnat.qc.ca/fr/deputes/st-pierre-christine-1235/index.html,,https://www.facebook.com/csp.csp.5,,https://twitter.com/stpierre_ch,,,legislature,,1 581 628-1773,,constituency,,1 514 337-4278,
Anjou-Louis-Riel,MNA,Lise Thériault,Lise,Thériault,,Parti libéral du Québec,ltheriault-anjo@assnat.qc.ca,http://www.assnat.qc.ca/Media/Process.aspx?asset=ANQ.Vigie.Bll.Image_1035&process=Original&token=ZyMoxNwUn8ikQ+TRKYwPCjWrKwg+vIv9rjij7p3xLGTZDmLVSmJLoqe/vG7/YWzz,http://www.assnat.qc.ca/fr/deputes/theriault-lise-1355/index.html,,https://www.facebook.com/LiseTheriaultplq/,,https://twitter.com/LiseT_ALR,,,legislature,,1 581 628-1775,,constituency,,1 514 493-9630,
Argenteuil,MNA,Agnès Grondin,Agnès,Grondin,,Coalition avenir Québec,Agnes.Grondin.ARGE@assnat.qc.ca,http://www.assnat.qc.ca/Media/Process.aspx?asset=ANQ.Vigie.Bll.Image_31039&process=Original&token=ZyMoxNwUn8ikQ+TRKYwPCjWrKwg+vIv9rjij7p3xLGTZDmLVSmJLoqe/vG7/YWzz,http://www.assnat.qc.ca/fr/deputes/grondin-agnes-17827/index.html,,https://www.facebook.com/AgnesGrondinCAQ/,,https://twitter.com/coalitionavenir,,,legislature,,1 418 528-6379,,constituency,,1 450 562-0785,
Arthabaska,MNA,Éric Lefebvre,Éric,Lefebvre,,Coalition avenir Québec,Eric.Lefebvre.ARTH@assnat.qc.ca,http://www.assnat.qc.ca/Media/Process.aspx?asset=ANQ.Vigie.Bll.Image_23687&process=Original&token=ZyMoxNwUn8ikQ+TRKYwPCjWrKwg+vIv9rjij7p3xLGTZDmLVSmJLoqe/vG7/YWzz,http://www.assnat.qc.ca/fr/deputes/lefebvre-eric-16777/index.html,,https://www.facebook.com/EricLefebvreArth/,,https://twitter.com/EricLefebvreCAQ,,,legislature,,1 418 643-6018,,constituency,,1 819 758-7440,
Beauce-Nord,MNA,Luc Provençal,Luc,Provençal,,Coalition avenir Québec,Luc.Provencal.BENO@assnat.qc.ca,http://www.assnat.qc.ca/Media/Process.aspx?asset=ANQ.Vigie.Bll.Image_30997&process=Original&token=ZyMoxNwUn8ikQ+TRKYwPCjWrKwg+vIv9rjij7p3xLGTZDmLVSmJLoqe/vG7/YWzz,http://www.assnat.qc.ca/fr/deputes/provencal-luc-17829/index.html,,https://www.facebook.com/LucProvencalCAQ/,,https://twitter.com/coalitionavenir,,,legislature,,1 418 643-5016,,constituency,,1 418 387-2044,
Beauce-Sud,MNA,Samuel Poulin,Samuel,Poulin,,Coalition avenir Québec,Samuel.Poulin.BESU@assnat.qc.ca,http://www.assnat.qc.ca/Media/Process.aspx?asset=ANQ.Vigie.Bll.Image_31003&process=Original&token=ZyMoxNwUn8ikQ+TRKYwPCjWrKwg+vIv9rjij7p3xLGTZDmLVSmJLoqe/vG7/YWzz,http://www.assnat.qc.ca/fr/deputes/poulin-samuel-17831/index.html,,https://www.facebook.com/SamuelPoulinBeauce/,,https://twitter.com/poulin_samuel,,,legislature,,1 418 263-0645,,constituency,,1 418 226-4570,
Beauharnois,MNA,Claude Reid,Claude,Reid,,Coalition avenir Québec,Claude.Reid.BEAU@assnat.qc.ca,http://www.assnat.qc.ca/Media/Process.aspx?asset=ANQ.Vigie.Bll.Image_30995&process=Original&token=ZyMoxNwUn8ikQ+TRKYwPCjWrKwg+vIv9rjij7p3xLGTZDmLVSmJLoqe/vG7/YWzz,http://www.assnat.qc.ca/fr/deputes/reid-claude-17833/index.html,,https://www.facebook.com/ClaudeReidCAQ/,,https://twitter.com/coalitionavenir,,,legislature,,1 418 644-7844,,constituency,,1 450 377-3131,
Bellechasse,MNA,Stéphanie Lachance,Stéphanie,Lachance,,Coalition avenir Québec,Stephanie.Lachance.BELL@assnat.qc.ca,http://www.assnat.qc.ca/Media/Process.aspx?asset=ANQ.Vigie.Bll.Image_31027&process=Original&token=ZyMoxNwUn8ikQ+TRKYwPCjWrKwg+vIv9rjij7p3xLGTZDmLVSmJLoqe/vG7/YWzz,http://www.assnat.qc.ca/fr/deputes/lachance-stephanie-17835/index.html,,https://www.facebook.com/Stephanie-Lachance-Coalition-Avenir-Quebec-627820033939204/,,https://twitter.com/slachancecaq,,,legislature,,1 581 628-1781,,constituency,,1 418 883-1343,
Berthier,MNA,Caroline Proulx,Caroline,Proulx,,Coalition avenir Québec,Caroline.Proulx.BERH@assnat.qc.ca,http://www.assnat.qc.ca/Media/Process.aspx?asset=ANQ.Vigie.Bll.Image_31001&process=Original&token=ZyMoxNwUn8ikQ+TRKYwPCjWrKwg+vIv9rjij7p3xLGTZDmLVSmJLoqe/vG7/YWzz,http://www.assnat.qc.ca/fr/deputes/proulx-caroline-17837/index.html,,https://www.facebook.com/pg/CarolineProulxCAQ,,https://twitter.com/caroaubureau,,,legislature,,1 418 528-8063,,constituency,,1 450 586-3171,
Bertrand,MNA,Nadine Girault,Nadine,Girault,,Coalition avenir Québec,Nadine.Girault.BERR@assnat.qc.ca,http://www.assnat.qc.ca/Media/Process.aspx?asset=ANQ.Vigie.Bll.Image_31041&process=Original&token=ZyMoxNwUn8ikQ+TRKYwPCjWrKwg+vIv9rjij7p3xLGTZDmLVSmJLoqe/vG7/YWzz,http://www.assnat.qc.ca/fr/deputes/girault-nadine-17839/index.html,,https://www.facebook.com/NadineGiraultCAQ/,,https://twitter.com/NadineGirault,,,legislature,,1 418 649-2319,,constituency,,1 819 321-1676,
Blainville,MNA,Mario Laframboise,Mario,Laframboise,,Coalition avenir Québec,Mario.Laframboise.BLAI@assnat.qc.ca,http://www.assnat.qc.ca/Media/Process.aspx?asset=ANQ.Vigie.Bll.Image_7769&process=Original&token=ZyMoxNwUn8ikQ+TRKYwPCjWrKwg+vIv9rjij7p3xLGTZDmLVSmJLoqe/vG7/YWzz,http://www.assnat.qc.ca/fr/deputes/laframboise-mario-15357/index.html,,https://www.facebook.com/Mario.Laframboise.blainville/,,https://twitter.com/LaframboiseMa,,,legislature,,1 418 263-0613,,constituency,,1 450 430-8086,
Bonaventure,MNA,Sylvain Roy,Sylvain,Roy,,Parti québécois,Sylvain.Roy.BONA@assnat.qc.ca,http://www.assnat.qc.ca/Media/Process.aspx?asset=ANQ.Vigie.Bll.Image_4819&process=Original&token=ZyMoxNwUn8ikQ+TRKYwPCjWrKwg+vIv9rjij7p3xLGTZDmLVSmJLoqe/vG7/YWzz,http://www.assnat.qc.ca/fr/deputes/roy-sylvain-12163/index.html,,https://www.facebook.com/SylvainRoyPQ/,,https://twitter.com/Roy_Bonaventure,,,legislature,,1 418 263-0359,,constituency,,1 418 364-6153,
Borduas,MNA,Simon Jolin-Barrette,Simon,Jolin-Barrette,,Coalition avenir Québec,sjb.BORD@assnat.qc.ca,http://www.assnat.qc.ca/Media/Process.aspx?asset=ANQ.Vigie.Bll.Image_7835&process=Original&token=ZyMoxNwUn8ikQ+TRKYwPCjWrKwg+vIv9rjij7p3xLGTZDmLVSmJLoqe/vG7/YWzz,http://www.assnat.qc.ca/fr/deputes/jolin-barrette-simon-15359/index.html,,https://www.facebook.com/SimonJolinBarrette.Borduas/,,https://twitter.com/SJB_CAQ,,,legislature,,1 418 643-3804,,constituency,,1 450 464-5505,
Bourassa-Sauvé,MNA,Paule Robitaille,Paule,Robitaille,,Parti libéral du Québec,Paule.Robitaille.BOSA@assnat.qc.ca,http://www.assnat.qc.ca/Media/Process.aspx?asset=ANQ.Vigie.Bll.Image_31097&process=Original&token=ZyMoxNwUn8ikQ+TRKYwPCjWrKwg+vIv9rjij7p3xLGTZDmLVSmJLoqe/vG7/YWzz,http://www.assnat.qc.ca/fr/deputes/robitaille-paule-17841/index.html,,https://www.facebook.com/paule.robitaille.plq,,https://twitter.com/PauleRobitaille,,,legislature,,1 581 628-1182,,constituency,,1 514 328-6006,
Bourget,MNA,Richard Campeau,Richard,Campeau,,Coalition avenir Québec,Richard.Campeau.BOUR@assnat.qc.ca,http://www.assnat.qc.ca/Media/Process.aspx?asset=ANQ.Vigie.Bll.Image_31069&process=Original&token=ZyMoxNwUn8ikQ+TRKYwPCjWrKwg+vIv9rjij7p3xLGTZDmLVSmJLoqe/vG7/YWzz,http://www.assnat.qc.ca/fr/deputes/campeau-richard-17843/index.html,,https://www.facebook.com/RichardCampeauCAQ/,,https://twitter.com/RcampeauCAQ,,,legislature,,1 418 263-0691,,constituency,,1 514 251-8126,
Brome-Missisquoi,MNA,Isabelle Charest,Isabelle,Charest,,Coalition avenir Québec,Isabelle.Charest.BRMI@assnat.qc.ca,http://www.assnat.qc.ca/Media/Process.aspx?asset=ANQ.Vigie.Bll.Image_31063&process=Original&token=ZyMoxNwUn8ikQ+TRKYwPCjWrKwg+vIv9rjij7p3xLGTZDmLVSmJLoqe/vG7/YWzz,http://www.assnat.qc.ca/fr/deputes/charest-isabelle-17845/index.html,,https://www.facebook.com/IsabelleCharestCAQ/,,https://twitter.com/isabellecharest,,,legislature,,1 418 266-3255,,constituency,,1 450 266-7410,
Chambly,MNA,Jean-François Roberge,Jean-François,Roberge,,Coalition avenir Québec,Jean-Francois.Roberge.CHMB@assnat.qc.ca,http://www.assnat.qc.ca/Media/Process.aspx?asset=ANQ.Vigie.Bll.Image_7715&process=Original&token=ZyMoxNwUn8ikQ+TRKYwPCjWrKwg+vIv9rjij7p3xLGTZDmLVSmJLoqe/vG7/YWzz,http://www.assnat.qc.ca/fr/deputes/roberge-jean-francois-15361/index.html,,https://www.facebook.com/roberge.chambly/,,https://twitter.com/coalitionavenir,,,legislature,,1 418 644-0664,,constituency,,1 450 658-5452,
Champlain,MNA,Sonia LeBel,Sonia,LeBel,,Coalition avenir Québec,Sonia.LeBel.CHMP@assnat.qc.ca,http://www.assnat.qc.ca/Media/Process.aspx?asset=ANQ.Vigie.Bll.Image_31017&process=Original&token=ZyMoxNwUn8ikQ+TRKYwPCjWrKwg+vIv9rjij7p3xLGTZDmLVSmJLoqe/vG7/YWzz,http://www.assnat.qc.ca/fr/deputes/lebel-sonia-17847/index.html,,https://www.facebook.com/SoniaLeBelCAQ/,,https://twitter.com/slebel19,,,legislature,,1 418 643-5926,,constituency,,1 819 694-4600,
Chapleau,MNA,Mathieu Lévesque,Mathieu,Lévesque,,Coalition avenir Québec,Mathieu.Levesque.CHAP@assnat.qc.ca,http://www.assnat.qc.ca/Media/Process.aspx?asset=ANQ.Vigie.Bll.Image_31009&process=Original&token=ZyMoxNwUn8ikQ+TRKYwPCjWrKwg+vIv9rjij7p3xLGTZDmLVSmJLoqe/vG7/YWzz,http://www.assnat.qc.ca/fr/deputes/levesque-mathieu-17851/index.html,,https://www.facebook.com/MathieuLevesqueCAQ/,,https://twitter.com/mlevesquecaq,,,legislature,,1 418 528-0390,,constituency,,1 819 246-4558,
Charlesbourg,MNA,Jonatan Julien,Jonatan,Julien,,Coalition avenir Québec,Jonatan.Julien.CHLB@assnat.qc.ca,http://www.assnat.qc.ca/Media/Process.aspx?asset=ANQ.Vigie.Bll.Image_31029&process=Original&token=ZyMoxNwUn8ikQ+TRKYwPCjWrKwg+vIv9rjij7p3xLGTZDmLVSmJLoqe/vG7/YWzz,http://www.assnat.qc.ca/fr/deputes/julien-jonatan-17855/index.html,,https://www.facebook.com/jonatanjulien,,https://twitter.com/coalitionavenir,,,legislature,,1 418 643-7295,,constituency,,1 418 644-9240,
Charlevoix-Côte-de-Beaupré,MNA,Émilie Foster,Émilie,Foster,,Coalition avenir Québec,Emilie.Foster.CHCB@assnat.qc.ca,http://www.assnat.qc.ca/Media/Process.aspx?asset=ANQ.Vigie.Bll.Image_31049&process=Original&token=ZyMoxNwUn8ikQ+TRKYwPCjWrKwg+vIv9rjij7p3xLGTZDmLVSmJLoqe/vG7/YWzz,http://www.assnat.qc.ca/fr/deputes/foster-emilie-17861/index.html,,https://www.facebook.com/EmilieFosterCAQ/,,https://twitter.com/milie_foster,,,legislature,,1 418 263-0701,,constituency,,1 418 827-5115,
Chauveau,MNA,Sylvain Lévesque,Sylvain,Lévesque,,Coalition avenir Québec,Sylvain.Levesque.CHAU@assnat.qc.ca,http://www.assnat.qc.ca/Media/Process.aspx?asset=ANQ.Vigie.Bll.Image_4753&process=Original&token=ZyMoxNwUn8ikQ+TRKYwPCjWrKwg+vIv9rjij7p3xLGTZDmLVSmJLoqe/vG7/YWzz,http://www.assnat.qc.ca/fr/deputes/levesque-sylvain-12213/index.html,,https://www.facebook.com/LevesqueS.CAQ/,,https://twitter.com/sylvain_caq,,,legislature,,1 581 628-1796,,constituency,,1 418 842-3330,
Chicoutimi,MNA,Andrée Laforest,Andrée,Laforest,,Coalition avenir Québec,Andree.Laforest.CHIC@assnat.qc.ca,http://www.assnat.qc.ca/Media/Process.aspx?asset=ANQ.Vigie.Bll.Image_31023&process=Original&token=ZyMoxNwUn8ikQ+TRKYwPCjWrKwg+vIv9rjij7p3xLGTZDmLVSmJLoqe/vG7/YWzz,http://www.assnat.qc.ca/fr/deputes/laforest-andree-17913/index.html,,https://www.facebook.com/AndreeLaforestCAQ/,,https://twitter.com/AndreeLaforest,,,legislature,,1 418 691-2050,,constituency,,1 418 543-7797,
Chomedey,MNA,Guy Ouellette,Guy,Ouellette,,Indépendant,Guy.Ouellette.CHOM@assnat.qc.ca,http://www.assnat.qc.ca/Media/Process.aspx?asset=ANQ.Vigie.Bll.Image_465&process=Original&token=ZyMoxNwUn8ikQ+TRKYwPCjWrKwg+vIv9rjij7p3xLGTZDmLVSmJLoqe/vG7/YWzz,http://www.assnat.qc.ca/fr/deputes/ouellette-guy-549/index.html,,https://www.facebook.com/go5129,,https://twitter.com/Guy0uellette,,,legislature,,1 418 644-4050,,constituency,,1 450 686-0166,
Chutes-de-la-Chaudière,MNA,Marc Picard,Marc,Picard,,Coalition avenir Québec,Marc.Picard.CDLC@assnat.qc.ca,http://www.assnat.qc.ca/Media/Process.aspx?asset=ANQ.Vigie.Bll.Image_641&process=Original&token=ZyMoxNwUn8ikQ+TRKYwPCjWrKwg+vIv9rjij7p3xLGTZDmLVSmJLoqe/vG7/YWzz,http://www.assnat.qc.ca/fr/deputes/picard-marc-655/index.html,,https://www.facebook.com/marcpicard01,,https://twitter.com/MarcPicardQc,,,legislature,,1 418 643-2750,,constituency,,1 418 834-0015,
Châteauguay,MNA,MarieChantal Chassé,MarieChantal,Chassé,,Coalition avenir Québec,MarieChantal.Chasse.CHAT@assnat.qc.ca,http://www.assnat.qc.ca/Media/Process.aspx?asset=ANQ.Vigie.Bll.Image_31061&process=Original&token=ZyMoxNwUn8ikQ+TRKYwPCjWrKwg+vIv9rjij7p3xLGTZDmLVSmJLoqe/vG7/YWzz,http://www.assnat.qc.ca/fr/deputes/chasse-mariechantal-17865/index.html,,https://www.facebook.com/MarieChantalChasseCAQ/,,https://twitter.com/mariechantalcha,,,legislature,,1 418 266-1101 x72105,,constituency,,1 450 699-4136,
Côte-du-Sud,MNA,Marie-Eve Proulx,Marie-Eve,Proulx,,Coalition avenir Québec,Marie-Eve.Proulx.CDS@assnat.qc.ca,http://www.assnat.qc.ca/Media/Process.aspx?asset=ANQ.Vigie.Bll.Image_30999&process=Original&token=ZyMoxNwUn8ikQ+TRKYwPCjWrKwg+vIv9rjij7p3xLGTZDmLVSmJLoqe/vG7/YWzz,http://www.assnat.qc.ca/fr/deputes/proulx-marie-eve-17915/index.html,,https://www.facebook.com/MarieEveProulxCAQ/,,https://twitter.com/marieeveproulx_,,,legislature,,1 418 691-5650,,constituency,,1 418 234-1893,
D'Arcy-McGee,MNA,David Birnbaum,David,Birnbaum,,Parti libéral du Québec,David.Birnbaum.DMG@assnat.qc.ca,http://www.assnat.qc.ca/Media/Process.aspx?asset=ANQ.Vigie.Bll.Image_7649&process=Original&token=ZyMoxNwUn8ikQ+TRKYwPCjWrKwg+vIv9rjij7p3xLGTZDmLVSmJLoqe/vG7/YWzz,http://www.assnat.qc.ca/fr/deputes/birnbaum-david-15371/index.html,,https://www.facebook.com/birnbaumdarcymcgee/,,https://twitter.com/DavidBirnbaum1,,,legislature,,1 418 528-1960,,constituency,,1 514 488-7028,
Deux-Montagnes,MNA,Benoit Charette,Benoit,Charette,,Coalition avenir Québec,Benoit.Charette.DEMO@assnat.qc.ca,http://www.assnat.qc.ca/Media/Process.aspx?asset=ANQ.Vigie.Bll.Image_553&process=Original&token=ZyMoxNwUn8ikQ+TRKYwPCjWrKwg+vIv9rjij7p3xLGTZDmLVSmJLoqe/vG7/YWzz,http://www.assnat.qc.ca/fr/deputes/charette-benoit-195/index.html,,https://www.facebook.com/Charette.DeMo/,,https://twitter.com/CharetteB,,,legislature,,1 418 521-3911,,constituency,,1 450 623-4963,
Drummond-Bois-Francs,MNA,Sébastien Schneeberger,Sébastien,Schneeberger,,Coalition avenir Québec,Sebastien.Schneeberger.DRUM@assnat.qc.ca,http://www.assnat.qc.ca/Media/Process.aspx?asset=ANQ.Vigie.Bll.Image_4897&process=Original&token=ZyMoxNwUn8ikQ+TRKYwPCjWrKwg+vIv9rjij7p3xLGTZDmLVSmJLoqe/vG7/YWzz,http://www.assnat.qc.ca/fr/deputes/schneeberger-sebastien-5909/index.html,,https://www.facebook.com/sebastien.schneeberger,,https://twitter.com/Sebastien_DBF,,,legislature,,1 418 644-1052,,constituency,,1 819 475-4343,
Dubuc,MNA,François Tremblay,François,Tremblay,,Coalition avenir Québec,Francois.Tremblay.DUBU@assnat.qc.ca,http://www.assnat.qc.ca/Media/Process.aspx?asset=ANQ.Vigie.Bll.Image_30981&process=Original&token=ZyMoxNwUn8ikQ+TRKYwPCjWrKwg+vIv9rjij7p3xLGTZDmLVSmJLoqe/vG7/YWzz,http://www.assnat.qc.ca/fr/deputes/tremblay-francois-17917/index.html,,https://www.facebook.com/FrancoisTremblayCAQ/,,https://twitter.com/coalitionavenir,,,legislature,,1 418 263-0615,,constituency,,1 418 544-8106,
Duplessis,MNA,Lorraine Richard,Lorraine,Richard,,Parti québécois,Lorraine.Richard.DUPL@assnat.qc.ca,http://www.assnat.qc.ca/Media/Process.aspx?asset=ANQ.Vigie.Bll.Image_723&process=Original&token=ZyMoxNwUn8ikQ+TRKYwPCjWrKwg+vIv9rjij7p3xLGTZDmLVSmJLoqe/vG7/YWzz,http://www.assnat.qc.ca/fr/deputes/richard-lorraine-287/index.html,,https://www.facebook.com/LorraineRichardPQ/,,https://twitter.com/LrichardPq,,,legislature,,1 418 643-2446,,constituency,,1 418 968-5044,
Fabre,MNA,Monique Sauvé,Monique,Sauvé,,Parti libéral du Québec,Monique.Sauve.FABR@assnat.qc.ca,http://www.assnat.qc.ca/Media/Process.aspx?asset=ANQ.Vigie.Bll.Image_16709&process=Original&token=ZyMoxNwUn8ikQ+TRKYwPCjWrKwg+vIv9rjij7p3xLGTZDmLVSmJLoqe/vG7/YWzz,http://www.assnat.qc.ca/fr/deputes/sauve-monique-16493/index.html,,https://www.facebook.com/Monique.Sauve.fabre/,,https://twitter.com/Monique_Sauve,,,legislature,,1 418 263-0554,,constituency,,1 450 689-5516,
Gaspé,MNA,Méganne Perry Mélançon,Méganne Perry,Mélançon,,Parti québécois,Meganne.PerryMelancon.GASP@assnat.qc.ca,http://www.assnat.qc.ca/Media/Process.aspx?asset=ANQ.Vigie.Bll.Image_31137&process=Original&token=ZyMoxNwUn8ikQ+TRKYwPCjWrKwg+vIv9rjij7p3xLGTZDmLVSmJLoqe/vG7/YWzz,http://www.assnat.qc.ca/fr/deputes/perry-melancon-meganne-18217/index.html,,,,,,,legislature,,1 418 263-0699,,constituency,,1 418 368-5827,
Gatineau,MNA,Robert Bussière,Robert,Bussière,,Coalition avenir Québec,Robert.Bussiere.GATI@assnat.qc.ca,http://www.assnat.qc.ca/Media/Process.aspx?asset=ANQ.Vigie.Bll.Image_31071&process=Original&token=ZyMoxNwUn8ikQ+TRKYwPCjWrKwg+vIv9rjij7p3xLGTZDmLVSmJLoqe/vG7/YWzz,http://www.assnat.qc.ca/fr/deputes/bussiere-robert-17921/index.html,,https://www.facebook.com/pg/RobertBussiereCAQ,,https://twitter.com/coalitionavenir,,,legislature,,1 581 628-1802,,constituency,,1 819 827-3868,
Gouin,MNA,Gabriel Nadeau-Dubois,Gabriel,Nadeau-Dubois,,Québec solidaire,Gabriel.Nadeau-Dubois.GOUI@assnat.qc.ca,http://www.assnat.qc.ca/Media/Process.aspx?asset=ANQ.Vigie.Bll.Image_26027&process=Original&token=ZyMoxNwUn8ikQ+TRKYwPCjWrKwg+vIv9rjij7p3xLGTZDmLVSmJLoqe/vG7/YWzz,http://www.assnat.qc.ca/fr/deputes/nadeau-dubois-gabriel-16827/index.html,,https://www.facebook.com/GNadeauDubois/,,https://twitter.com/GNadeauDubois,,,legislature,,1 418 644-1467,,constituency,,1 514 864-6133,
Granby,MNA,François Bonnardel,François,Bonnardel,,Coalition avenir Québec,Francois.Bonnardel.GRAN@assnat.qc.ca,http://www.assnat.qc.ca/Media/Process.aspx?asset=ANQ.Vigie.Bll.Image_289&process=Original&token=ZyMoxNwUn8ikQ+TRKYwPCjWrKwg+vIv9rjij7p3xLGTZDmLVSmJLoqe/vG7/YWzz,http://www.assnat.qc.ca/fr/deputes/bonnardel-francois-11/index.html,,https://www.facebook.com/Bonnardel.coalition/,,https://twitter.com/fbonnardelCAQ,,,legislature,,1 418 643-6980,,constituency,,1 450 372-9152,
Groulx,MNA,Eric Girard,Eric,Girard,,Coalition avenir Québec,Eric.Girard.GROU@assnat.qc.ca,http://www.assnat.qc.ca/Media/Process.aspx?asset=ANQ.Vigie.Bll.Image_31047&process=Original&token=ZyMoxNwUn8ikQ+TRKYwPCjWrKwg+vIv9rjij7p3xLGTZDmLVSmJLoqe/vG7/YWzz,http://www.assnat.qc.ca/fr/deputes/girard-eric-17929/index.html,,,,,,,legislature,,1 418 643-5270,,constituency,,1 450 430-7890,
Hochelaga-Maisonneuve,MNA,Alexandre Leduc,Alexandre,Leduc,,Québec solidaire,Alexandre.Leduc.HOCH@assnat.qc.ca,http://www.assnat.qc.ca/Media/Process.aspx?asset=ANQ.Vigie.Bll.Image_31107&process=Original&token=ZyMoxNwUn8ikQ+TRKYwPCjWrKwg+vIv9rjij7p3xLGTZDmLVSmJLoqe/vG7/YWzz,http://www.assnat.qc.ca/fr/deputes/leduc-alexandre-17935/index.html,,https://www.facebook.com/LeducAlexandreQS/,,https://twitter.com/LeducAlexandre,,,legislature,,1 581 814-1286,,constituency,,1 514 873-9309,
Hull,MNA,Maryse Gaudreault,Maryse,Gaudreault,,Parti libéral du Québec,Maryse.Gaudreault.HULL@assnat.qc.ca,http://www.assnat.qc.ca/Media/Process.aspx?asset=ANQ.Vigie.Bll.Image_919&process=Original&token=ZyMoxNwUn8ikQ+TRKYwPCjWrKwg+vIv9rjij7p3xLGTZDmLVSmJLoqe/vG7/YWzz,http://www.assnat.qc.ca/fr/deputes/gaudreault-maryse-959/index.html,,https://www.facebook.com/maryse.gaudreault.14,,https://twitter.com/MGaudreaultHull,,,legislature,,1 418 644-1007,,constituency,,1 819 772-3000,
Huntingdon,MNA,Claire IsaBelle,Claire,IsaBelle,,Coalition avenir Québec,Claire.IsaBelle.HUNT@assnat.qc.ca,http://www.assnat.qc.ca/Media/Process.aspx?asset=ANQ.Vigie.Bll.Image_31035&process=Original&token=ZyMoxNwUn8ikQ+TRKYwPCjWrKwg+vIv9rjij7p3xLGTZDmLVSmJLoqe/vG7/YWzz,http://www.assnat.qc.ca/fr/deputes/isabelle-claire-17939/index.html,,https://www.facebook.com/isabelle.coalition/,,https://twitter.com/IsaBelCoalition,,,legislature,,1 581 628-1806,,constituency,,1 450 427-2150,
Iberville,MNA,Claire Samson,Claire,Samson,,Coalition avenir Québec,Claire.Samson.IBER@assnat.qc.ca,http://www.assnat.qc.ca/Media/Process.aspx?asset=ANQ.Vigie.Bll.Image_7641&process=Original&token=ZyMoxNwUn8ikQ+TRKYwPCjWrKwg+vIv9rjij7p3xLGTZDmLVSmJLoqe/vG7/YWzz,http://www.assnat.qc.ca/fr/deputes/samson-claire-15409/index.html,,https://www.facebook.com/clairesamsoncaq/,,https://twitter.com/clairesamsoncaq,,,legislature,,1 418 644-1475,,constituency,,1 450 346-1123,
Jacques-Cartier,MNA,Gregory Kelley,Gregory,Kelley,,Parti libéral du Québec,Gregory.Kelley.JACA@assnat.qc.ca,http://www.assnat.qc.ca/Media/Process.aspx?asset=ANQ.Vigie.Bll.Image_31093&process=Original&token=ZyMoxNwUn8ikQ+TRKYwPCjWrKwg+vIv9rjij7p3xLGTZDmLVSmJLoqe/vG7/YWzz,http://www.assnat.qc.ca/fr/deputes/kelley-gregory-17951/index.html,,,,https://twitter.com/gharperkelley,,,legislature,,1 581 628-1809,,constituency,,1 514 697-7663,
Jean-Lesage,MNA,Sol Zanetti,Sol,Zanetti,,Québec solidaire,Sol.Zanetti.JELE@assnat.qc.ca,http://www.assnat.qc.ca/Media/Process.aspx?asset=ANQ.Vigie.Bll.Image_31113&process=Original&token=ZyMoxNwUn8ikQ+TRKYwPCjWrKwg+vIv9rjij7p3xLGTZDmLVSmJLoqe/vG7/YWzz,http://www.assnat.qc.ca/fr/deputes/zanetti-sol-17955/index.html,,https://www.facebook.com/sol.zanetti.3,,https://twitter.com/SolZanetti,,,legislature,,1 418 646-7635,,constituency,,1 418 648-6221,
Jean-Talon,MNA,Joëlle Boutin,Joëlle,Boutin,,Coalition avenir Québec,Joelle.Boutin.JETA@assnat.qc.ca,http://www.assnat.qc.ca/Media/Process.aspx?asset=ANQ.Vigie.Bll.Image_38847&process=Original&token=ZyMoxNwUn8ikQ+TRKYwPCjWrKwg+vIv9rjij7p3xLGTZDmLVSmJLoqe/vG7/YWzz,http://www.assnat.qc.ca/fr/deputes/boutin-joelle-18561/index.html,,,,,,,legislature,,1 418 643-0223,,constituency,,1 418 682-8167,
Jeanne-Mance-Viger,MNA,Filomena Rotiroti,Filomena,Rotiroti,,Parti libéral du Québec,Filomena.Rotiroti.JMV@assnat.qc.ca,http://www.assnat.qc.ca/Media/Process.aspx?asset=ANQ.Vigie.Bll.Image_811&process=Original&token=ZyMoxNwUn8ikQ+TRKYwPCjWrKwg+vIv9rjij7p3xLGTZDmLVSmJLoqe/vG7/YWzz,http://www.assnat.qc.ca/fr/deputes/rotiroti-filomena-1171/index.html,,https://www.facebook.com/filomena.rotiroti,,https://twitter.com/FiloRotiroti,,,legislature,,1 418 643-2301,,constituency,,1 514 326-0491,
Johnson,MNA,André Lamontagne,André,Lamontagne,,Coalition avenir Québec,Andre.Lamontagne.JOHN@assnat.qc.ca,http://www.assnat.qc.ca/Media/Process.aspx?asset=ANQ.Vigie.Bll.Image_7617&process=Original&token=ZyMoxNwUn8ikQ+TRKYwPCjWrKwg+vIv9rjij7p3xLGTZDmLVSmJLoqe/vG7/YWzz,http://www.assnat.qc.ca/fr/deputes/lamontagne-andre-15401/index.html,,https://www.facebook.com/andrelamontagnecaq/,,https://twitter.com/andrelamontagn2,,,legislature,,1 418 380-2525,,constituency,,1 819 474-7770,
Joliette,MNA,Véronique Hivon,Véronique,Hivon,,Parti québécois,Veronique.Hivon.JOLI@assnat.qc.ca,http://www.assnat.qc.ca/Media/Process.aspx?asset=ANQ.Vigie.Bll.Image_1037&process=Original&token=ZyMoxNwUn8ikQ+TRKYwPCjWrKwg+vIv9rjij7p3xLGTZDmLVSmJLoqe/vG7/YWzz,http://www.assnat.qc.ca/fr/deputes/hivon-veronique-27/index.html,,https://www.facebook.com/veroniquehivon/,,https://twitter.com/vhivon,,,legislature,,1 418 263-0666,,constituency,,1 450 752-6929,
Jonquière,MNA,Sylvain Gaudreault,Sylvain,Gaudreault,,Parti québécois,Sylvain.Gaudreault.JONQ@assnat.qc.ca,http://www.assnat.qc.ca/Media/Process.aspx?asset=ANQ.Vigie.Bll.Image_923&process=Original&token=ZyMoxNwUn8ikQ+TRKYwPCjWrKwg+vIv9rjij7p3xLGTZDmLVSmJLoqe/vG7/YWzz,http://www.assnat.qc.ca/fr/deputes/gaudreault-sylvain-1001/index.html,,https://www.facebook.com/sylvain.gaudreault.96,,https://twitter.com/SylvainGaudrea2,,,legislature,,1 581 628-1853,,constituency,,1 418 547-0666,
L'Assomption,MNA,François Legault,François,Legault,,Coalition avenir Québec,,http://www.assnat.qc.ca/Media/Process.aspx?asset=ANQ.Vigie.Bll.Image_187&process=Original&token=ZyMoxNwUn8ikQ+TRKYwPCjWrKwg+vIv9rjij7p3xLGTZDmLVSmJLoqe/vG7/YWzz,http://www.assnat.qc.ca/fr/deputes/legault-francois-4131/index.html,,https://www.facebook.com/FrancoisLegaultPageOfficielle/,,https://twitter.com/francoislegault,,,legislature,,1 418 643-5321,,constituency,,1 450 589-0226,
La Peltrie,MNA,Éric Caire,Éric,Caire,,Coalition avenir Québec,Eric.Caire.LAPE@assnat.qc.ca,http://www.assnat.qc.ca/Media/Process.aspx?asset=ANQ.Vigie.Bll.Image_455&process=Original&token=ZyMoxNwUn8ikQ+TRKYwPCjWrKwg+vIv9rjij7p3xLGTZDmLVSmJLoqe/vG7/YWzz,http://www.assnat.qc.ca/fr/deputes/caire-eric-485/index.html,,https://www.facebook.com/caire.coalition/,,https://twitter.com/ericcaire,,,legislature,,1 418 781-1737,,constituency,,1 418 877-5260,
La Pinière,MNA,Gaétan Barrette,Gaétan,Barrette,,Parti libéral du Québec,Gaetan.Barrette.LAPI@assnat.qc.ca,http://www.assnat.qc.ca/Media/Process.aspx?asset=ANQ.Vigie.Bll.Image_7679&process=Original&token=ZyMoxNwUn8ikQ+TRKYwPCjWrKwg+vIv9rjij7p3xLGTZDmLVSmJLoqe/vG7/YWzz,http://www.assnat.qc.ca/fr/deputes/barrette-gaetan-15397/index.html,,https://www.facebook.com/Gaetanbarretteplq/,,https://twitter.com/drgbarrette,,,legislature,,1 581 628-1813,,constituency,,1 450 678-0611,
La Prairie,MNA,Christian Dubé,Christian,Dubé,,Coalition avenir Québec,Christian.Dube.LAPR@assnat.qc.ca,http://www.assnat.qc.ca/Media/Process.aspx?asset=ANQ.Vigie.Bll.Image_4567&process=Original&token=ZyMoxNwUn8ikQ+TRKYwPCjWrKwg+vIv9rjij7p3xLGTZDmLVSmJLoqe/vG7/YWzz,http://www.assnat.qc.ca/fr/deputes/dube-christian-12223/index.html,,https://www.facebook.com/ChristianDubeCAQ/,,https://twitter.com/cdube940,,,legislature,,1 418 266-7171,,constituency,,1 450 619-7313,
LaFontaine,MNA,Marc Tanguay,Marc,Tanguay,,Parti libéral du Québec,marc.tanguay-lafo@assnat.qc.ca,http://www.assnat.qc.ca/Media/Process.aspx?asset=ANQ.Vigie.Bll.Image_4833&process=Original&token=ZyMoxNwUn8ikQ+TRKYwPCjWrKwg+vIv9rjij7p3xLGTZDmLVSmJLoqe/vG7/YWzz,http://www.assnat.qc.ca/fr/deputes/tanguay-marc-11789/index.html,,https://www.facebook.com/m.tanguay.plq/,,https://twitter.com/marc_tanguay,,,legislature,,1 418 528-7413,,constituency,,1 514 648-1007,
Labelle,MNA,Chantale Jeannotte,Chantale,Jeannotte,,Coalition avenir Québec,Chantale.Jeannotte.LABE@assnat.qc.ca,http://www.assnat.qc.ca/Media/Process.aspx?asset=ANQ.Vigie.Bll.Image_31031&process=Original&token=ZyMoxNwUn8ikQ+TRKYwPCjWrKwg+vIv9rjij7p3xLGTZDmLVSmJLoqe/vG7/YWzz,http://www.assnat.qc.ca/fr/deputes/jeannotte-chantale-17959/index.html,,https://www.facebook.com/ChantaleJeannotteCAQ/,,https://twitter.com/coalitionavenir,,,legislature,,1 418 528-1349,,constituency,,1 819 429-5038,
Lac-Saint-Jean,MNA,Éric Girard,Éric,Girard,,Coalition avenir Québec,Eric.Girard.LSJ@assnat.qc.ca,http://www.assnat.qc.ca/Media/Process.aspx?asset=ANQ.Vigie.Bll.Image_31043&process=Original&token=ZyMoxNwUn8ikQ+TRKYwPCjWrKwg+vIv9rjij7p3xLGTZDmLVSmJLoqe/vG7/YWzz,http://www.assnat.qc.ca/fr/deputes/girard-eric-17957/index.html,,https://www.facebook.com/pg/EricGirardCAQ,,https://twitter.com/EricGirardMFQ,,,legislature,,1 418 263-0697,,constituency,,1 418 668-6149,
Laporte,MNA,Nicole Ménard,Nicole,Ménard,,Parti libéral du Québec,Nicole.Menard.LAPO@assnat.qc.ca,http://www.assnat.qc.ca/Media/Process.aspx?asset=ANQ.Vigie.Bll.Image_379&process=Original&token=ZyMoxNwUn8ikQ+TRKYwPCjWrKwg+vIv9rjij7p3xLGTZDmLVSmJLoqe/vG7/YWzz,http://www.assnat.qc.ca/fr/deputes/menard-nicole-113/index.html,,https://www.facebook.com/Nicole.Menard.deputee,,https://twitter.com/Nicole_Menard,,,constituency,,1 450 672-1885,
Laurier-Dorion,MNA,Andrés Fontecilla,Andrés,Fontecilla,,Québec solidaire,Andres.Fontecilla.LADO@assnat.qc.ca,http://www.assnat.qc.ca/Media/Process.aspx?asset=ANQ.Vigie.Bll.Image_31101&process=Original&token=ZyMoxNwUn8ikQ+TRKYwPCjWrKwg+vIv9rjij7p3xLGTZDmLVSmJLoqe/vG7/YWzz,http://www.assnat.qc.ca/fr/deputes/fontecilla-andres-17953/index.html,,https://www.facebook.com/AFontecillaQS/,,https://twitter.com/AFontecillaQS,,,legislature,,1 418 644-5987,,constituency,,1 514 273-1412,
Laval-des-Rapides,MNA,Saul Polo,Saul,Polo,,Parti libéral du Québec,Saul.Polo.LDR@assnat.qc.ca,http://www.assnat.qc.ca/Media/Process.aspx?asset=ANQ.Vigie.Bll.Image_7829&process=Original&token=ZyMoxNwUn8ikQ+TRKYwPCjWrKwg+vIv9rjij7p3xLGTZDmLVSmJLoqe/vG7/YWzz,http://www.assnat.qc.ca/fr/deputes/polo-saul-15407/index.html,,https://www.facebook.com/SaulJPolo/,,https://twitter.com/SaulJPolo,,,legislature,,1 418 263-0617,,constituency,,1 450 668-6077,
Laviolette-Saint-Maurice,MNA,Marie-Louise Tardif,Marie-Louise,Tardif,,Coalition avenir Québec,Marie-Louise.Tardif.LASM@assnat.qc.ca,http://www.assnat.qc.ca/Media/Process.aspx?asset=ANQ.Vigie.Bll.Image_30985&process=Original&token=ZyMoxNwUn8ikQ+TRKYwPCjWrKwg+vIv9rjij7p3xLGTZDmLVSmJLoqe/vG7/YWzz,http://www.assnat.qc.ca/fr/deputes/tardif-marie-louise-18071/index.html,,https://www.facebook.com/MarieLouiseTardifCAQ/,,https://twitter.com/ML_Tardif_LSTM,,,legislature,,1 581 628-1818,,constituency,,1 819 539-7292,
Les Plaines,MNA,Lucie Lecours,Lucie,Lecours,,Coalition avenir Québec,Lucie.Lecours.LPLA@assnat.qc.ca,http://www.assnat.qc.ca/Media/Process.aspx?asset=ANQ.Vigie.Bll.Image_31013&process=Original&token=ZyMoxNwUn8ikQ+TRKYwPCjWrKwg+vIv9rjij7p3xLGTZDmLVSmJLoqe/vG7/YWzz,http://www.assnat.qc.ca/fr/deputes/lecours-lucie-17949/index.html,,https://www.facebook.com/LucieLecoursCAQ/,,https://twitter.com/coalitionavenir,,,legislature,,1 581 628-1820,,constituency,,1 450 838-7493,
Lotbinière-Frontenac,MNA,Isabelle Lecours,Isabelle,Lecours,,Coalition avenir Québec,Isabelle.Lecours.LOFR@assnat.qc.ca,http://www.assnat.qc.ca/Media/Process.aspx?asset=ANQ.Vigie.Bll.Image_31015&process=Original&token=ZyMoxNwUn8ikQ+TRKYwPCjWrKwg+vIv9rjij7p3xLGTZDmLVSmJLoqe/vG7/YWzz,http://www.assnat.qc.ca/fr/deputes/lecours-isabelle-17945/index.html,,https://www.facebook.com/IsabelleLecoursCAQ/,,https://twitter.com/ILecoursCAQ,,,legislature,,1 581 628-1822,,constituency,,1 418 332-3444,
Louis-Hébert,MNA,Geneviève Guilbault,Geneviève,Guilbault,,Coalition avenir Québec,Genevieve.Guilbault.LOHE@assnat.qc.ca,http://www.assnat.qc.ca/Media/Process.aspx?asset=ANQ.Vigie.Bll.Image_27143&process=Original&token=ZyMoxNwUn8ikQ+TRKYwPCjWrKwg+vIv9rjij7p3xLGTZDmLVSmJLoqe/vG7/YWzz,http://www.assnat.qc.ca/fr/deputes/guilbault-genevieve-16885/index.html,,https://www.facebook.com/GenevieveGuilbaultCAQ/,,https://twitter.com/gguilbaultcaq,,,legislature,,1 418 643-2112,,constituency,,1 418 528-0483,
Lévis,MNA,François Paradis,François,Paradis,,Coalition avenir Québec,Francois.Paradis.LEVI@assnat.qc.ca,http://www.assnat.qc.ca/Media/Process.aspx?asset=ANQ.Vigie.Bll.Image_10251&process=Original&token=ZyMoxNwUn8ikQ+TRKYwPCjWrKwg+vIv9rjij7p3xLGTZDmLVSmJLoqe/vG7/YWzz,http://www.assnat.qc.ca/fr/deputes/paradis-francois-15725/index.html,,https://www.facebook.com/francoisparadis.org/,,https://twitter.com/fparadislevis,,,legislature,,1 418 643-2820,,constituency,,1 418 833-5550,
Marguerite-Bourgeoys,MNA,Hélène David,Hélène,David,,Parti libéral du Québec,Helene.David.MABO@assnat.qc.ca,http://www.assnat.qc.ca/Media/Process.aspx?asset=ANQ.Vigie.Bll.Image_7707&process=Original&token=ZyMoxNwUn8ikQ+TRKYwPCjWrKwg+vIv9rjij7p3xLGTZDmLVSmJLoqe/vG7/YWzz,http://www.assnat.qc.ca/fr/deputes/david-helene-15379/index.html,,https://www.facebook.com/plq.helenedavid/,,https://twitter.com/David_Hlne,,,legislature,,1 581 628-1824,,constituency,,1 514 368-1818,
Marie-Victorin,MNA,Catherine Fournier,Catherine,Fournier,,Indépendant,Catherine.Fournier.MAVI@assnat.qc.ca,http://www.assnat.qc.ca/Media/Process.aspx?asset=ANQ.Vigie.Bll.Image_23683&process=Original&token=ZyMoxNwUn8ikQ+TRKYwPCjWrKwg+vIv9rjij7p3xLGTZDmLVSmJLoqe/vG7/YWzz,http://www.assnat.qc.ca/fr/deputes/fournier-catherine-16775/index.html,,https://www.facebook.com/CathFournierQc/,,https://twitter.com/CathFournierQc,,,legislature,,1 581 628-1028,
Marquette,MNA,Enrico Ciccone,Enrico,Ciccone,,Parti libéral du Québec,Enrico.Ciccone.MARQ@assnat.qc.ca,http://www.assnat.qc.ca/Media/Process.aspx?asset=ANQ.Vigie.Bll.Image_31089&process=Original&token=ZyMoxNwUn8ikQ+TRKYwPCjWrKwg+vIv9rjij7p3xLGTZDmLVSmJLoqe/vG7/YWzz,http://www.assnat.qc.ca/fr/deputes/ciccone-enrico-17943/index.html,,https://www.facebook.com/enrico.ciccone.plq/,,https://twitter.com/EnricoCiccone,,,legislature,,1 418 628-1852,,constituency,,1 514 634-9720,
Maskinongé,MNA,Simon Allaire,Simon,Allaire,,Coalition avenir Québec,Simon.Allaire.MASK@assnat.qc.ca,http://www.assnat.qc.ca/Media/Process.aspx?asset=ANQ.Vigie.Bll.Image_31083&process=Original&token=ZyMoxNwUn8ikQ+TRKYwPCjWrKwg+vIv9rjij7p3xLGTZDmLVSmJLoqe/vG7/YWzz,http://www.assnat.qc.ca/fr/deputes/allaire-simon-17941/index.html,,https://www.facebook.com/SimonAllaireCAQ/,,https://twitter.com/coalitionavenir,,,legislature,,1 418 644-0617,,constituency,,1 819 228-9722,
Masson,MNA,Mathieu Lemay,Mathieu,Lemay,,Coalition avenir Québec,Mathieu.Lemay.MASS@assnat.qc.ca,http://www.assnat.qc.ca/Media/Process.aspx?asset=ANQ.Vigie.Bll.Image_7781&process=Original&token=ZyMoxNwUn8ikQ+TRKYwPCjWrKwg+vIv9rjij7p3xLGTZDmLVSmJLoqe/vG7/YWzz,http://www.assnat.qc.ca/fr/deputes/lemay-mathieu-15403/index.html,,https://www.facebook.com/Lemay.Masson/,,https://twitter.com/mathieu_lemay,,,legislature,,1 418 643-5771,,constituency,,1 450 966-0111,
Matane-Matapédia,MNA,Pascal Bérubé,Pascal,Bérubé,,Parti québécois,Pascal.Berube.MATN@assnat.qc.ca,http://www.assnat.qc.ca/Media/Process.aspx?asset=ANQ.Vigie.Bll.Image_447&process=Original&token=ZyMoxNwUn8ikQ+TRKYwPCjWrKwg+vIv9rjij7p3xLGTZDmLVSmJLoqe/vG7/YWzz,http://www.assnat.qc.ca/fr/deputes/berube-pascal-991/index.html,,https://www.facebook.com/PascalBerubeDepute,,https://twitter.com/PascalBerube,,,legislature,,1 418 644-9318,,constituency,,1 418 562-0371,
Maurice-Richard,MNA,Marie Montpetit,Marie,Montpetit,,Parti libéral du Québec,Marie.Montpetit.MAUR@assnat.qc.ca,http://www.assnat.qc.ca/Media/Process.aspx?asset=ANQ.Vigie.Bll.Image_7765&process=Original&token=ZyMoxNwUn8ikQ+TRKYwPCjWrKwg+vIv9rjij7p3xLGTZDmLVSmJLoqe/vG7/YWzz,http://www.assnat.qc.ca/fr/deputes/montpetit-marie-15369/index.html,,https://www.facebook.com/MontpetitMarie/,,https://twitter.com/Marie_Montpetit,,,legislature,,1 581 628-1828,,constituency,,1 514 387-6314,
Mercier,MNA,Ruba Ghazal,Ruba,Ghazal,,Québec solidaire,Ruba.Ghazal.MERC@assnat.qc.ca,http://www.assnat.qc.ca/Media/Process.aspx?asset=ANQ.Vigie.Bll.Image_31103&process=Original&token=ZyMoxNwUn8ikQ+TRKYwPCjWrKwg+vIv9rjij7p3xLGTZDmLVSmJLoqe/vG7/YWzz,http://www.assnat.qc.ca/fr/deputes/ghazal-ruba-17933/index.html,,https://www.facebook.com/RubaGhazalQS/,,https://twitter.com/RubaGhazalQS,,,legislature,,1 418 644-1430,,constituency,,1 514 525-8877,
Mille-Îles,MNA,Francine Charbonneau,Francine,Charbonneau,,Parti libéral du Québec,Francine.Charbonneau.MIIL@assnat.qc.ca,http://www.assnat.qc.ca/Media/Process.aspx?asset=ANQ.Vigie.Bll.Image_527&process=Original&token=ZyMoxNwUn8ikQ+TRKYwPCjWrKwg+vIv9rjij7p3xLGTZDmLVSmJLoqe/vG7/YWzz,http://www.assnat.qc.ca/fr/deputes/charbonneau-francine-635/index.html,,https://www.facebook.com/FCharbonneauMilleIles/,,https://twitter.com/mille_iles,,,legislature,,1 581 628-1830,,constituency,,1 450 661-3595,
Mirabel,MNA,Sylvie D'Amours,Sylvie,D'Amours,,Coalition avenir Québec,Sylvie.DAmours.MIRA@assnat.qc.ca,http://www.assnat.qc.ca/Media/Process.aspx?asset=ANQ.Vigie.Bll.Image_7853&process=Original&token=ZyMoxNwUn8ikQ+TRKYwPCjWrKwg+vIv9rjij7p3xLGTZDmLVSmJLoqe/vG7/YWzz,http://www.assnat.qc.ca/fr/deputes/d-amours-sylvie-15399/index.html,,https://www.facebook.com/sdamoursmira/,,https://twitter.com/SylvieDAmours,,,constituency,,1 450 623-8376,
Mont-Royal-Outremont,MNA,Pierre Arcand,Pierre,Arcand,,Parti libéral du Québec,Pierre.Arcand.MROU@assnat.qc.ca,http://www.assnat.qc.ca/Media/Process.aspx?asset=ANQ.Vigie.Bll.Image_9&process=Original&token=ZyMoxNwUn8ikQ+TRKYwPCjWrKwg+vIv9rjij7p3xLGTZDmLVSmJLoqe/vG7/YWzz,http://www.assnat.qc.ca/fr/deputes/arcand-pierre-421/index.html,,https://www.facebook.com/arcand.pierre/,,https://twitter.com/PierreArcand,,,legislature,,1 418 263-0702,,constituency,,1 514 341-1151,
Montarville,MNA,Nathalie Roy,Nathalie,Roy,,Coalition avenir Québec,Nathalie.Roy.MOTA@assnat.qc.ca,http://www.assnat.qc.ca/Media/Process.aspx?asset=ANQ.Vigie.Bll.Image_4815&process=Original&token=ZyMoxNwUn8ikQ+TRKYwPCjWrKwg+vIv9rjij7p3xLGTZDmLVSmJLoqe/vG7/YWzz,http://www.assnat.qc.ca/fr/deputes/roy-nathalie-12187/index.html,,https://www.facebook.com/nathalie.roy.1023,,https://twitter.com/NathalieRoyCAQ,,,legislature,,1 418 380-2310,,constituency,,1 450 641-2748,
Montmorency,MNA,Jean-François Simard,Jean-François,Simard,,Coalition avenir Québec,Jean-Francois.Simard.MONT@assnat.qc.ca,http://www.assnat.qc.ca/Media/Process.aspx?asset=ANQ.Vigie.Bll.Image_901&process=Original&token=ZyMoxNwUn8ikQ+TRKYwPCjWrKwg+vIv9rjij7p3xLGTZDmLVSmJLoqe/vG7/YWzz,http://www.assnat.qc.ca/fr/deputes/simard-jean-francois-5369/index.html,,https://www.facebook.com/jeanfrancoissimardcaq/,,https://twitter.com/coalitionavenir,,,legislature,,1 418 644-9600,,constituency,,1 418 660-6870,
Mégantic,MNA,François Jacques,François,Jacques,,Coalition avenir Québec,Francois.Jacques.MEGA@assnat.qc.ca,http://www.assnat.qc.ca/Media/Process.aspx?asset=ANQ.Vigie.Bll.Image_31033&process=Original&token=ZyMoxNwUn8ikQ+TRKYwPCjWrKwg+vIv9rjij7p3xLGTZDmLVSmJLoqe/vG7/YWzz,http://www.assnat.qc.ca/fr/deputes/jacques-francois-17937/index.html,,https://www.facebook.com/FrancoisJacquesCAQ/,,https://twitter.com/coalitionavenir,,,legislature,,1 418 644-0711,,constituency,,1 819 583-4500,
Nelligan,MNA,Monsef Derraji,Monsef,Derraji,,Parti libéral du Québec,Monsef.Derraji.NELL@assnat.qc.ca,http://www.assnat.qc.ca/Media/Process.aspx?asset=ANQ.Vigie.Bll.Image_31091&process=Original&token=ZyMoxNwUn8ikQ+TRKYwPCjWrKwg+vIv9rjij7p3xLGTZDmLVSmJLoqe/vG7/YWzz,http://www.assnat.qc.ca/fr/deputes/derraji-monsef-17923/index.html,,https://www.facebook.com/derrajimonsef/,,https://twitter.com/monsefderraji,,,legislature,,1 581 628-1834,,constituency,,1 514 695-2440,
Nicolet-Bécancour,MNA,Donald Martel,Donald,Martel,,Coalition avenir Québec,Donald.Martel.NICO@assnat.qc.ca,http://www.assnat.qc.ca/Media/Process.aspx?asset=ANQ.Vigie.Bll.Image_4769&process=Original&token=ZyMoxNwUn8ikQ+TRKYwPCjWrKwg+vIv9rjij7p3xLGTZDmLVSmJLoqe/vG7/YWzz,http://www.assnat.qc.ca/fr/deputes/martel-donald-12165/index.html,,https://www.facebook.com/MartelD.coalition/,,https://twitter.com/domartell,,,legislature,,1 581 628-1849,,constituency,,1 819 233-3521,
Notre-Dame-de-Grâce,MNA,Kathleen Weil,Kathleen,Weil,,Parti libéral du Québec,Kathleen.Weil.NDDG@assnat.qc.ca,http://www.assnat.qc.ca/Media/Process.aspx?asset=ANQ.Vigie.Bll.Image_1145&process=Original&token=ZyMoxNwUn8ikQ+TRKYwPCjWrKwg+vIv9rjij7p3xLGTZDmLVSmJLoqe/vG7/YWzz,http://www.assnat.qc.ca/fr/deputes/weil-kathleen-33/index.html,,https://www.facebook.com/KathleenWeilNDG/,,https://twitter.com/Kathleen_Weil,,,legislature,,1 581 628-1836,,constituency,,1 514 489-7581,
Orford,MNA,Gilles Bélanger,Gilles,Bélanger,,Coalition avenir Québec,Gilles.Belanger.ORFO@assnat.qc.ca,http://www.assnat.qc.ca/Media/Process.aspx?asset=ANQ.Vigie.Bll.Image_31077&process=Original&token=ZyMoxNwUn8ikQ+TRKYwPCjWrKwg+vIv9rjij7p3xLGTZDmLVSmJLoqe/vG7/YWzz,http://www.assnat.qc.ca/fr/deputes/belanger-gilles-17925/index.html,,https://www.facebook.com/GillesBelangerCAQ/,,https://twitter.com/coalitionavenir,,,legislature,,1 418 644-3944,,constituency,,1 819 847-3911,
Papineau,MNA,Mathieu Lacombe,Mathieu,Lacombe,,Coalition avenir Québec,Mathieu.Lacombe.PAPI@assnat.qc.ca,http://www.assnat.qc.ca/Media/Process.aspx?asset=ANQ.Vigie.Bll.Image_31025&process=Original&token=ZyMoxNwUn8ikQ+TRKYwPCjWrKwg+vIv9rjij7p3xLGTZDmLVSmJLoqe/vG7/YWzz,http://www.assnat.qc.ca/fr/deputes/lacombe-mathieu-17927/index.html,,https://www.facebook.com/MathieuLacombeCAQ/,,https://twitter.com/lacombemathieu,,,legislature,,1 418 643-2181,,constituency,,1 819 986-9300,
Pointe-aux-Trembles,MNA,Chantal Rouleau,Chantal,Rouleau,,Coalition avenir Québec,Chantal.Rouleau.PAT@assnat.qc.ca,http://www.assnat.qc.ca/Media/Process.aspx?asset=ANQ.Vigie.Bll.Image_30993&process=Original&token=ZyMoxNwUn8ikQ+TRKYwPCjWrKwg+vIv9rjij7p3xLGTZDmLVSmJLoqe/vG7/YWzz,http://www.assnat.qc.ca/fr/deputes/rouleau-chantal-17931/index.html,,https://www.facebook.com/Chantal.Rouleau.CAQ/,,https://twitter.com/rouleauchantal,,,legislature,,1 418 643-6980,,constituency,,1 514 640-9085,
Pontiac,MNA,André Fortin,André,Fortin,,Parti libéral du Québec,Andre.Fortin.PONT@assnat.qc.ca,http://www.assnat.qc.ca/Media/Process.aspx?asset=ANQ.Vigie.Bll.Image_7615&process=Original&token=ZyMoxNwUn8ikQ+TRKYwPCjWrKwg+vIv9rjij7p3xLGTZDmLVSmJLoqe/vG7/YWzz,http://www.assnat.qc.ca/fr/deputes/fortin-andre-15383/index.html,,https://www.facebook.com/AvecAndreFortin/,,https://twitter.com/AvecAndreFortin,,,legislature,,1 418 643-1275,,constituency,,1 819 648-7070,
Portneuf,MNA,Vincent Caron,Vincent,Caron,,Coalition avenir Québec,Vincent.Caron.PORT@assnat.qc.ca,http://www.assnat.qc.ca/Media/Process.aspx?asset=ANQ.Vigie.Bll.Image_31065&process=Original&token=ZyMoxNwUn8ikQ+TRKYwPCjWrKwg+vIv9rjij7p3xLGTZDmLVSmJLoqe/vG7/YWzz,http://www.assnat.qc.ca/fr/deputes/caron-vincent-17849/index.html,,https://www.facebook.com/Vincent-Caron-1768402003211558/,,https://twitter.com/vincentcaroncaq,,,legislature,,1 418 644-1473,,constituency,,1 418 337-4378,
Prévost,MNA,Marguerite Blais,Marguerite,Blais,,Coalition avenir Québec,marguerite.blais.prev@assnat.qc.ca,http://www.assnat.qc.ca/Media/Process.aspx?asset=ANQ.Vigie.Bll.Image_211&process=Original&token=ZyMoxNwUn8ikQ+TRKYwPCjWrKwg+vIv9rjij7p3xLGTZDmLVSmJLoqe/vG7/YWzz,http://www.assnat.qc.ca/fr/deputes/blais-marguerite-1263/index.html,,https://www.facebook.com/MargueriteBlaisCAQ/,,https://twitter.com/Marguerite_CAQ,,,legislature,,1 418 266-7191,,constituency,,1 450 224-4359,
René-Lévesque,MNA,Martin Ouellet,Martin,Ouellet,,Parti québécois,Martin.Ouellet.RELE@assnat.qc.ca,http://www.assnat.qc.ca/Media/Process.aspx?asset=ANQ.Vigie.Bll.Image_16715&process=Original&token=ZyMoxNwUn8ikQ+TRKYwPCjWrKwg+vIv9rjij7p3xLGTZDmLVSmJLoqe/vG7/YWzz,http://www.assnat.qc.ca/fr/deputes/ouellet-martin-16495/index.html,,https://www.facebook.com/martinouelletpq/,,https://twitter.com/MartinOuellet_,,,legislature,,1 581 628-1002,,constituency,,1 418 295-4001,
Repentigny,MNA,Lise Lavallée,Lise,Lavallée,,Coalition avenir Québec,Lise.Lavallee.REPE@assnat.qc.ca,http://www.assnat.qc.ca/Media/Process.aspx?asset=ANQ.Vigie.Bll.Image_7737&process=Original&token=ZyMoxNwUn8ikQ+TRKYwPCjWrKwg+vIv9rjij7p3xLGTZDmLVSmJLoqe/vG7/YWzz,http://www.assnat.qc.ca/fr/deputes/lavallee-lise-15389/index.html,,https://www.facebook.com/lise.lavallee.repentigny/,,https://twitter.com/LavalleLise,,,legislature,,1 418 263-0612,,constituency,,1 450 581-6102,
Richelieu,MNA,Jean-Bernard Émond,Jean-Bernard,Émond,,Coalition avenir Québec,Jean-Bernard.Emond.RICL@assnat.qc.ca,http://www.assnat.qc.ca/Media/Process.aspx?asset=ANQ.Vigie.Bll.Image_31053&process=Original&token=ZyMoxNwUn8ikQ+TRKYwPCjWrKwg+vIv9rjij7p3xLGTZDmLVSmJLoqe/vG7/YWzz,http://www.assnat.qc.ca/fr/deputes/emond-jean-bernard-17857/index.html,,https://www.facebook.com/jean.bernard.emond.caq/,,https://twitter.com/JBEmond,,,legislature,,1 418 263-0660,,constituency,,1 450 742-3781,
Richmond,MNA,André Bachand,André,Bachand,,Coalition avenir Québec,Andre.Bachand.RICM@assnat.qc.ca,http://www.assnat.qc.ca/Media/Process.aspx?asset=ANQ.Vigie.Bll.Image_31079&process=Original&token=ZyMoxNwUn8ikQ+TRKYwPCjWrKwg+vIv9rjij7p3xLGTZDmLVSmJLoqe/vG7/YWzz,http://www.assnat.qc.ca/fr/deputes/bachand-andre-17859/index.html,,https://www.facebook.com/abachandCAQ/,,https://twitter.com/coalitionavenir,,,constituency,,1 819 879-1104,
Rimouski,MNA,Harold LeBel,Harold,LeBel,,Parti québécois,Harold.Lebel.RIMO@assnat.qc.ca,http://www.assnat.qc.ca/Media/Process.aspx?asset=ANQ.Vigie.Bll.Image_7705&process=Original&token=ZyMoxNwUn8ikQ+TRKYwPCjWrKwg+vIv9rjij7p3xLGTZDmLVSmJLoqe/vG7/YWzz,http://www.assnat.qc.ca/fr/deputes/lebel-harold-15479/index.html,,https://www.facebook.com/haroldrimouski/,,https://twitter.com/HLeBelRimouski,,,legislature,,1 581 628-1017,,constituency,,1 418 722-9787,
Rivière-du-Loup-Témiscouata,MNA,Denis Tardif,Denis,Tardif,,Coalition avenir Québec,Denis.Tardif.RDLT@assnat.qc.ca,http://www.assnat.qc.ca/Media/Process.aspx?asset=ANQ.Vigie.Bll.Image_30987&process=Original&token=ZyMoxNwUn8ikQ+TRKYwPCjWrKwg+vIv9rjij7p3xLGTZDmLVSmJLoqe/vG7/YWzz,http://www.assnat.qc.ca/fr/deputes/tardif-denis-17863/index.html,,https://www.facebook.com/denistardifcaq/,,https://twitter.com/DenisTardif6,,,legislature,,1 581 628-1846,,constituency,,1 418 868-0822,
Robert-Baldwin,MNA,Carlos J. Leitão,Carlos J.,Leitão,,Parti libéral du Québec,CarlosJ.Leitao.ROBA@assnat.qc.ca,http://www.assnat.qc.ca/Media/Process.aspx?asset=ANQ.Vigie.Bll.Image_7629&process=Original&token=ZyMoxNwUn8ikQ+TRKYwPCjWrKwg+vIv9rjij7p3xLGTZDmLVSmJLoqe/vG7/YWzz,http://www.assnat.qc.ca/fr/deputes/leitao-carlos-j-15391/index.html,,https://www.facebook.com/carlos.j.leitao.qc/,,https://twitter.com/CarlosJLeitao,,,legislature,,1 581 628-1848,,constituency,,1 514 684-9000,
Roberval,MNA,Nancy Guillemette,Nancy,Guillemette,,Coalition avenir Québec,Nancy.Guillemette.ROBE@assnat.qc.ca,http://www.assnat.qc.ca/Media/Process.aspx?asset=ANQ.Vigie.Bll.Image_32807&process=Original&token=ZyMoxNwUn8ikQ+TRKYwPCjWrKwg+vIv9rjij7p3xLGTZDmLVSmJLoqe/vG7/YWzz,http://www.assnat.qc.ca/fr/deputes/guillemette-nancy-18247/index.html,,,,,,,legislature,,1 418 266-1101 x72107,,constituency,,1 418 275-5050,
Rosemont,MNA,Vincent Marissal,Vincent,Marissal,,Québec solidaire,Vincent.Marissal.ROSE@assnat.qc.ca,http://www.assnat.qc.ca/Media/Process.aspx?asset=ANQ.Vigie.Bll.Image_31111&process=Original&token=ZyMoxNwUn8ikQ+TRKYwPCjWrKwg+vIv9rjij7p3xLGTZDmLVSmJLoqe/vG7/YWzz,http://www.assnat.qc.ca/fr/deputes/marissal-vincent-17867/index.html,,https://www.facebook.com/vmarissal/?ref=br_rs,,https://twitter.com/vmarissal,,,legislature,,1 581 628-1845,,constituency,,1 514 593-7495,
Rousseau,MNA,Louis-Charles Thouin,Louis-Charles,Thouin,,Coalition avenir Québec,Louis-Charles.Thouin.ROUS@assnat.qc.ca,http://www.assnat.qc.ca/Media/Process.aspx?asset=ANQ.Vigie.Bll.Image_30983&process=Original&token=ZyMoxNwUn8ikQ+TRKYwPCjWrKwg+vIv9rjij7p3xLGTZDmLVSmJLoqe/vG7/YWzz,http://www.assnat.qc.ca/fr/deputes/thouin-louis-charles-18073/index.html,,https://www.facebook.com/louischarles.thouin,,https://twitter.com/coalitionavenir,,,legislature,,1 418 263-0688,,constituency,,1 450 302-4610,
Rouyn-Noranda-Témiscamingue,MNA,Émilise Lessard-Therrien,Émilise,Lessard-Therrien,,Québec solidaire,Emilise.Lessard-Therrien.RNT@assnat.qc.ca,http://www.assnat.qc.ca/Media/Process.aspx?asset=ANQ.Vigie.Bll.Image_31109&process=Original&token=ZyMoxNwUn8ikQ+TRKYwPCjWrKwg+vIv9rjij7p3xLGTZDmLVSmJLoqe/vG7/YWzz,http://www.assnat.qc.ca/fr/deputes/lessard-therrien-emilise-17871/index.html,,https://www.facebook.com/ELessardTherrien/,,https://twitter.com/emiliselt,,,legislature,,1 581 628-1851,,constituency,,1 819 763-3047,
Saint-François,MNA,Geneviève Hébert,Geneviève,Hébert,,Coalition avenir Québec,Genevieve.Hebert.SAFR@assnat.qc.ca,http://www.assnat.qc.ca/Media/Process.aspx?asset=ANQ.Vigie.Bll.Image_31037&process=Original&token=ZyMoxNwUn8ikQ+TRKYwPCjWrKwg+vIv9rjij7p3xLGTZDmLVSmJLoqe/vG7/YWzz,http://www.assnat.qc.ca/fr/deputes/hebert-genevieve-17877/index.html,,https://www.facebook.com/GenevieveHebertCoalitionAvenirQuebec/,,https://twitter.com/HebertGenevieve,,,legislature,,1 418 263-0703,,constituency,,1 819 565-3667,
Saint-Henri-Sainte-Anne,MNA,Dominique Anglade,Dominique,Anglade,,Parti libéral du Québec,Dominique.Anglade.SHSA@assnat.qc.ca,http://www.assnat.qc.ca/Media/Process.aspx?asset=ANQ.Vigie.Bll.Image_16711&process=Original&token=ZyMoxNwUn8ikQ+TRKYwPCjWrKwg+vIv9rjij7p3xLGTZDmLVSmJLoqe/vG7/YWzz,http://www.assnat.qc.ca/fr/deputes/anglade-dominique-16499/index.html,,https://www.facebook.com/dominique.anglade.90,,https://twitter.com/DomAnglade,,,legislature,,1 418 643-2743,,constituency,,1 514 933-8796,
Saint-Hyacinthe,MNA,Chantal Soucy,Chantal,Soucy,,Coalition avenir Québec,Chantal.Soucy.SAHY@assnat.qc.ca,http://www.assnat.qc.ca/Media/Process.aspx?asset=ANQ.Vigie.Bll.Image_7635&process=Original&token=ZyMoxNwUn8ikQ+TRKYwPCjWrKwg+vIv9rjij7p3xLGTZDmLVSmJLoqe/vG7/YWzz,http://www.assnat.qc.ca/fr/deputes/soucy-chantal-15417/index.html,,https://www.facebook.com/chantal.soucy.52,,https://twitter.com/ChantalSoucy2,,,legislature,,1 418 643-2810,,constituency,,1 450 773-0550,
Saint-Jean,MNA,Louis Lemieux,Louis,Lemieux,,Coalition avenir Québec,Louis.Lemieux.SAJE@assnat.qc.ca,http://www.assnat.qc.ca/Media/Process.aspx?asset=ANQ.Vigie.Bll.Image_31011&process=Original&token=ZyMoxNwUn8ikQ+TRKYwPCjWrKwg+vIv9rjij7p3xLGTZDmLVSmJLoqe/vG7/YWzz,http://www.assnat.qc.ca/fr/deputes/lemieux-louis-17879/index.html,,https://www.facebook.com/LouisLemieuxCAQ/,,https://twitter.com/LouisLemieux,,,legislature,,1 418 644-1463,,constituency,,1 450 346-3040,
Saint-Jérôme,MNA,Youri Chassin,Youri,Chassin,,Coalition avenir Québec,Youri.Chassin.STJE@assnat.qc.ca,http://www.assnat.qc.ca/Media/Process.aspx?asset=ANQ.Vigie.Bll.Image_31059&process=Original&token=ZyMoxNwUn8ikQ+TRKYwPCjWrKwg+vIv9rjij7p3xLGTZDmLVSmJLoqe/vG7/YWzz,http://www.assnat.qc.ca/fr/deputes/chassin-youri-17881/index.html,,https://www.facebook.com/YouriChassinCAQ/,,https://twitter.com/yourichassin,,,legislature,,1 581 628-1174,,constituency,,1 450 569-7436,
Saint-Laurent,MNA,Marwah Rizqy,Marwah,Rizqy,,Parti libéral du Québec,Marwah.Rizqy.STLO@assnat.qc.ca,http://www.assnat.qc.ca/Media/Process.aspx?asset=ANQ.Vigie.Bll.Image_31115&process=Original&token=ZyMoxNwUn8ikQ+TRKYwPCjWrKwg+vIv9rjij7p3xLGTZDmLVSmJLoqe/vG7/YWzz,http://www.assnat.qc.ca/fr/deputes/rizqy-marwah-17883/index.html,,https://www.facebook.com/marwahrizqymtl,,https://twitter.com/marwahrizqy,,,legislature,,1 581 628-1844,,constituency,,1 514 747-4050,
Sainte-Marie-Saint-Jacques,MNA,Manon Massé,Manon,Massé,,Québec solidaire,Manon.Masse.SMSJ@assnat.qc.ca,http://www.assnat.qc.ca/Media/Process.aspx?asset=ANQ.Vigie.Bll.Image_7751&process=Original&token=ZyMoxNwUn8ikQ+TRKYwPCjWrKwg+vIv9rjij7p3xLGTZDmLVSmJLoqe/vG7/YWzz,http://www.assnat.qc.ca/fr/deputes/masse-manon-15421/index.html,,https://www.facebook.com/QS.ManonMasse/,,https://twitter.com/ManonMasse_Qs,,,legislature,,1 418 644-1632,,constituency,,1 514 525-2501,
Sainte-Rose,MNA,Christopher Skeete,Christopher,Skeete,,Coalition avenir Québec,Christopher.Skeete.SARO@assnat.qc.ca,http://www.assnat.qc.ca/Media/Process.aspx?asset=ANQ.Vigie.Bll.Image_30989&process=Original&token=ZyMoxNwUn8ikQ+TRKYwPCjWrKwg+vIv9rjij7p3xLGTZDmLVSmJLoqe/vG7/YWzz,http://www.assnat.qc.ca/fr/deputes/skeete-christopher-17873/index.html,,https://www.facebook.com/CALSainteRose/,,https://twitter.com/cskeete,,,legislature,,1 418 263-0619,,constituency,,1 450 963-8272,
Sanguinet,MNA,Danielle McCann,Danielle,McCann,,Coalition avenir Québec,,http://www.assnat.qc.ca/Media/Process.aspx?asset=ANQ.Vigie.Bll.Image_31007&process=Original&token=ZyMoxNwUn8ikQ+TRKYwPCjWrKwg+vIv9rjij7p3xLGTZDmLVSmJLoqe/vG7/YWzz,http://www.assnat.qc.ca/fr/deputes/mccann-danielle-17887/index.html,,https://www.facebook.com/DanielleMcCannCAQ/,,https://twitter.com/coalitionavenir,,,legislature,,1 418 781-6500,
Sherbrooke,MNA,Christine Labrie,Christine,Labrie,,Québec solidaire,Christine.Labrie.SHER@assnat.qc.ca,http://www.assnat.qc.ca/Media/Process.aspx?asset=ANQ.Vigie.Bll.Image_31105&process=Original&token=ZyMoxNwUn8ikQ+TRKYwPCjWrKwg+vIv9rjij7p3xLGTZDmLVSmJLoqe/vG7/YWzz,http://www.assnat.qc.ca/fr/deputes/labrie-christine-17889/index.html,,https://www.facebook.com/ChristineLabrieQS/,,https://twitter.com/Christine_QS,,,legislature,,1 581 628-1833,,constituency,,1 819 569-5646,
Soulanges,MNA,Marilyne Picard,Marilyne,Picard,,Coalition avenir Québec,Marilyne.Picard.SOUL@assnat.qc.ca,http://www.assnat.qc.ca/Media/Process.aspx?asset=ANQ.Vigie.Bll.Image_31005&process=Original&token=ZyMoxNwUn8ikQ+TRKYwPCjWrKwg+vIv9rjij7p3xLGTZDmLVSmJLoqe/vG7/YWzz,http://www.assnat.qc.ca/fr/deputes/picard-marilyne-17891/index.html,,https://www.facebook.com/MarilynePicardCAQ/,,https://twitter.com/PicardMarilyne,,,legislature,,1 581 628-1859,,constituency,,1 450 456-3816,
Taillon,MNA,Lionel Carmant,Lionel,Carmant,,Coalition avenir Québec,Lionel.Carmant.TAIL@assnat.qc.ca,http://www.assnat.qc.ca/Media/Process.aspx?asset=ANQ.Vigie.Bll.Image_31067&process=Original&token=ZyMoxNwUn8ikQ+TRKYwPCjWrKwg+vIv9rjij7p3xLGTZDmLVSmJLoqe/vG7/YWzz,http://www.assnat.qc.ca/fr/deputes/carmant-lionel-17893/index.html,,https://www.facebook.com/LionelCarmantCAQ/,,https://twitter.com/carmantlionel,,,legislature,,1 418 266-7181,,constituency,,1 450 463-3772,
Taschereau,MNA,Catherine Dorion,Catherine,Dorion,,Québec solidaire,Catherine.Dorion.TASC@assnat.qc.ca,http://www.assnat.qc.ca/Media/Process.aspx?asset=ANQ.Vigie.Bll.Image_31099&process=Original&token=ZyMoxNwUn8ikQ+TRKYwPCjWrKwg+vIv9rjij7p3xLGTZDmLVSmJLoqe/vG7/YWzz,http://www.assnat.qc.ca/fr/deputes/dorion-catherine-17895/index.html,,https://www.facebook.com/dorion,,https://twitter.com/cathdorion,,,legislature,,1 581 628-1858,,constituency,,1 418 646-6090,
Terrebonne,MNA,Pierre Fitzgibbon,Pierre,Fitzgibbon,,Coalition avenir Québec,Pierre.Fitzgibbon.TERR@assnat.qc.ca,http://www.assnat.qc.ca/Media/Process.aspx?asset=ANQ.Vigie.Bll.Image_31051&process=Original&token=ZyMoxNwUn8ikQ+TRKYwPCjWrKwg+vIv9rjij7p3xLGTZDmLVSmJLoqe/vG7/YWzz,http://www.assnat.qc.ca/fr/deputes/fitzgibbon-pierre-17897/index.html,,https://www.facebook.com/PierreFitzgibbonCAQ/,,https://twitter.com/fitzgibbonp,,,legislature,,1 418 691-5650,,constituency,,1 450 964-3553,
Trois-Rivières,MNA,Jean Boulet,Jean,Boulet,,Coalition avenir Québec,Jean.Boulet.TRRI@assnat.qc.ca,http://www.assnat.qc.ca/Media/Process.aspx?asset=ANQ.Vigie.Bll.Image_31073&process=Original&token=ZyMoxNwUn8ikQ+TRKYwPCjWrKwg+vIv9rjij7p3xLGTZDmLVSmJLoqe/vG7/YWzz,http://www.assnat.qc.ca/fr/deputes/boulet-jean-17899/index.html,,https://www.facebook.com/JeanBouletCAQ/,,https://twitter.com/coalitionavenir,,,legislature,,1 418 643-4810,,constituency,,1 819 371-6901,
Ungava,MNA,Denis Lamothe,Denis,Lamothe,,Coalition avenir Québec,Denis.Lamothe.UNGA@assnat.qc.ca,http://www.assnat.qc.ca/Media/Process.aspx?asset=ANQ.Vigie.Bll.Image_31019&process=Original&token=ZyMoxNwUn8ikQ+TRKYwPCjWrKwg+vIv9rjij7p3xLGTZDmLVSmJLoqe/vG7/YWzz,http://www.assnat.qc.ca/fr/deputes/lamothe-denis-17901/index.html,,https://www.facebook.com/DenisLamotheCAQ/,,https://twitter.com/coalitionavenir,,,legislature,,1 418 644-1363,,constituency,,1 418 748-6046,
Vachon,MNA,Ian Lafrenière,Ian,Lafrenière,,Coalition avenir Québec,Ian.Lafreniere.VACHON@assnat.qc.ca,http://www.assnat.qc.ca/Media/Process.aspx?asset=ANQ.Vigie.Bll.Image_31021&process=Original&token=ZyMoxNwUn8ikQ+TRKYwPCjWrKwg+vIv9rjij7p3xLGTZDmLVSmJLoqe/vG7/YWzz,http://www.assnat.qc.ca/fr/deputes/lafreniere-ian-17903/index.html,,https://www.facebook.com/IanLafreniereCAQ/,,https://twitter.com/IanLafreniere,,,legislature,,1 418 528-8407,,constituency,,1 450 676-5086,
Vanier-Les Rivières,MNA,Mario Asselin,Mario,Asselin,,Coalition avenir Québec,Mario.Asselin.VANI@assnat.qc.ca,http://www.assnat.qc.ca/Media/Process.aspx?asset=ANQ.Vigie.Bll.Image_31081&process=Original&token=ZyMoxNwUn8ikQ+TRKYwPCjWrKwg+vIv9rjij7p3xLGTZDmLVSmJLoqe/vG7/YWzz,http://www.assnat.qc.ca/fr/deputes/asselin-mario-17905/index.html,,https://www.facebook.com/asselin.coalition/,,https://twitter.com/marioasselin,,,legislature,,1 418 643-7719,,constituency,,1 418 644-3107,
Vaudreuil,MNA,Marie-Claude Nichols,Marie-Claude,Nichols,,Parti libéral du Québec,Marie-Claude.Nichols.VAUD@assnat.qc.ca,http://www.assnat.qc.ca/Media/Process.aspx?asset=ANQ.Vigie.Bll.Image_7767&process=Original&token=ZyMoxNwUn8ikQ+TRKYwPCjWrKwg+vIv9rjij7p3xLGTZDmLVSmJLoqe/vG7/YWzz,http://www.assnat.qc.ca/fr/deputes/nichols-marie-claude-15439/index.html,,https://www.facebook.com/marieclaudenicholsvaudreuil/,,https://twitter.com/nicholsmarieC,,,legislature,,1 418 646-7623,,constituency,,1 450 424-6666,
Verchères,MNA,Suzanne Dansereau,Suzanne,Dansereau,,Coalition avenir Québec,Suzanne.Dansereau.VERC@assnat.qc.ca,http://www.assnat.qc.ca/Media/Process.aspx?asset=ANQ.Vigie.Bll.Image_31057&process=Original&token=ZyMoxNwUn8ikQ+TRKYwPCjWrKwg+vIv9rjij7p3xLGTZDmLVSmJLoqe/vG7/YWzz,http://www.assnat.qc.ca/fr/deputes/dansereau-suzanne-17907/index.html,,https://www.facebook.com/Suzanne-Dansereau-Coalition-Avenir-Quebec-721650337904964/,,https://twitter.com/CAQ_Vercheres,,,legislature,,1 581 628-1026,,constituency,,1 450 652-4419,
Verdun,MNA,Isabelle Melançon,Isabelle,Melançon,,Parti libéral du Québec,Isabelle.Melancon.VERD@assnat.qc.ca,http://www.assnat.qc.ca/Media/Process.aspx?asset=ANQ.Vigie.Bll.Image_23685&process=Original&token=ZyMoxNwUn8ikQ+TRKYwPCjWrKwg+vIv9rjij7p3xLGTZDmLVSmJLoqe/vG7/YWzz,http://www.assnat.qc.ca/fr/deputes/melancon-isabelle-16779/index.html,,https://www.facebook.com/isabelle.melancon.1,,https://twitter.com/Isamelancon,,,legislature,,1 581 628-1860,,constituency,,1 514 766-7503,
Viau,MNA,Frantz Benjamin,Frantz,Benjamin,,Parti libéral du Québec,Frantz.Benjamin.VIAU@assnat.qc.ca,http://www.assnat.qc.ca/Media/Process.aspx?asset=ANQ.Vigie.Bll.Image_31085&process=Original&token=ZyMoxNwUn8ikQ+TRKYwPCjWrKwg+vIv9rjij7p3xLGTZDmLVSmJLoqe/vG7/YWzz,http://www.assnat.qc.ca/fr/deputes/benjamin-frantz-17909/index.html,,https://www.facebook.com/frantz.benjamin.plq/,,https://twitter.com/franz_benjamin,,,legislature,,1 581 628-1812,,constituency,,1 514 728-2474,
Vimont,MNA,Jean Rousselle,Jean,Rousselle,,Parti libéral du Québec,Jean.Rousselle.VIMO@assnat.qc.ca,http://www.assnat.qc.ca/Media/Process.aspx?asset=ANQ.Vigie.Bll.Image_4813&process=Original&token=ZyMoxNwUn8ikQ+TRKYwPCjWrKwg+vIv9rjij7p3xLGTZDmLVSmJLoqe/vG7/YWzz,http://www.assnat.qc.ca/fr/deputes/rousselle-jean-12167/index.html,,https://www.facebook.com/Jean.Rousselle.Vimont/,,https://twitter.com/RousselleJean,,,legislature,,1 418 644-0877,,constituency,,1 450 628-9269,
Westmount-Saint-Louis,MNA,Jennifer Maccarone,Jennifer,Maccarone,,Parti libéral du Québec,Jennifer.Maccarone.WSL@assnat.qc.ca,http://www.assnat.qc.ca/Media/Process.aspx?asset=ANQ.Vigie.Bll.Image_31095&process=Original&token=ZyMoxNwUn8ikQ+TRKYwPCjWrKwg+vIv9rjij7p3xLGTZDmLVSmJLoqe/vG7/YWzz,http://www.assnat.qc.ca/fr/deputes/maccarone-jennifer-17911/index.html,,https://www.facebook.com/jennifer.maccarone1,,https://twitter.com/jmaccarone,,,legislature,,1 581 628-1843,,constituency,,1 514 395-2929,
Îles-de-la-Madeleine,MNA,Joël Arseneau,Joël,Arseneau,,Parti québécois,Joel.Arseneau.IDLM@assnat.qc.ca,http://www.assnat.qc.ca/Media/Process.aspx?asset=ANQ.Vigie.Bll.Image_31125&process=Original&token=ZyMoxNwUn8ikQ+TRKYwPCjWrKwg+vIv9rjij7p3xLGTZDmLVSmJLoqe/vG7/YWzz,http://www.assnat.qc.ca/fr/deputes/arseneau-joel-17947/index.html,,https://www.facebook.com/joelarseneauPQ/,,https://twitter.com/joel_arseneau,,,legislature,,1 418 644-1454,,constituency,,1 418 986-4140,
